<ComponentGenerator>
<ContentInfo><Language>RScript</Language></ContentInfo><ComponentInfo>
<Version name = "1.0.1" />
<Component version="1.0.1" name="Add Missing Dates" type= "ALGORITHM" displayTypeOrder="2" subType="CUSTOM_SCRIPT_COMP" uid="992edbd0-c428-4779-87aa-d9525d3990c8" className="com.sap.pa.script.component.RScriptComponent"  inputCardinality="1..1" outputCardinality="0..n" vendor="R" ExecutionMode="outDB" ><Resources/>
<Locales size="1">
<Locale localeValue="en" />
</Locales>
<Tooltips size="1">
<Tooltip locale="en">Add Missing Dates
Version 1.0
  
Add missing dates to a daily time series. If desired, approximate missing values for measures.

Prerequisites:
- R library zoo must be installed.
- The first column must hold the date stamp as String value.
- All remaining columns must be numerical values that can be approximated.

Author: Andreas Forster
http://scn.sap.com/people/andreas.forster</Tooltip>
</Tooltips>
<Properties size="5">
<Property name="PAES_COMPONENT_INSTANCE_PARENT" value="d97042bc-9032-4f64-9861-13513001069f" encrypted="false" />
<Property name="PAES_COMPONENT_INSTANCE" value="992edbd0-c428-4779-87aa-d9525d3990c8" encrypted="false" />
<Property name="COMP_PARAMS" value="[{&quot;paramName&quot;:&quot;myData&quot;,&quot;paramValue&quot;:null,&quot;uiType&quot;:&quot;TEXTBOX&quot;,&quot;customViewClassName&quot;:&quot;&quot;,&quot;uiDetail&quot;:{&quot;displayName&quot;:&quot;myData&quot;,&quot;dataType&quot;:&quot;STRING&quot;,&quot;allowedInput&quot;:{},&quot;description&quot;:&quot;&quot;,&quot;descriptor&quot;:&quot;&quot;,&quot;errorMsg&quot;:&quot;&quot;,&quot;isEditable&quot;:true,&quot;isEnabled&quot;:true,&quot;isMandatory&quot;:true,&quot;isHidden&quot;:true,&quot;lov&quot;:[],&quot;addSelectInLov&quot;:false,&quot;isMultiSelect&quot;:false,&quot;fileChooser&quot;:{&quot;fileExtension&quot;:&quot;*&quot;,&quot;fileExtensionString&quot;:&quot;&quot;,&quot;isSave&quot;:false}},&quot;customData&quot;:{}},{&quot;paramName&quot;:&quot;myDateFormat&quot;,&quot;paramValue&quot;:&quot;%d.%m.%Y&quot;,&quot;uiType&quot;:&quot;TEXTBOX&quot;,&quot;customViewClassName&quot;:&quot;&quot;,&quot;uiDetail&quot;:{&quot;displayName&quot;:&quot;Date Format&quot;,&quot;dataType&quot;:&quot;STRING&quot;,&quot;allowedInput&quot;:{},&quot;description&quot;:&quot;&quot;,&quot;descriptor&quot;:&quot;&quot;,&quot;errorMsg&quot;:&quot;&quot;,&quot;isEditable&quot;:true,&quot;isEnabled&quot;:true,&quot;isMandatory&quot;:true,&quot;isHidden&quot;:false,&quot;lov&quot;:[],&quot;addSelectInLov&quot;:false,&quot;isMultiSelect&quot;:false,&quot;fileChooser&quot;:{&quot;fileExtension&quot;:&quot;*&quot;,&quot;fileExtensionString&quot;:&quot;&quot;,&quot;isSave&quot;:false}},&quot;customData&quot;:{}},{&quot;paramName&quot;:&quot;myStrBolApproximate&quot;,&quot;paramValue&quot;:&quot;False&quot;,&quot;uiType&quot;:&quot;COMBOBOX&quot;,&quot;customViewClassName&quot;:&quot;&quot;,&quot;uiDetail&quot;:{&quot;displayName&quot;:&quot;Approximate Missing Values&quot;,&quot;dataType&quot;:&quot;STRING&quot;,&quot;allowedInput&quot;:{},&quot;description&quot;:&quot;&quot;,&quot;descriptor&quot;:&quot;&quot;,&quot;errorMsg&quot;:&quot;&quot;,&quot;isEditable&quot;:false,&quot;isEnabled&quot;:true,&quot;isMandatory&quot;:true,&quot;isHidden&quot;:false,&quot;lov&quot;:[{&quot;index&quot;:0,&quot;key&quot;:&quot;True&quot;,&quot;text&quot;:&quot;True&quot;},{&quot;index&quot;:1,&quot;key&quot;:&quot;False&quot;,&quot;text&quot;:&quot;False&quot;}],&quot;addSelectInLov&quot;:false,&quot;isMultiSelect&quot;:false,&quot;fileChooser&quot;:{&quot;fileExtension&quot;:&quot;*&quot;,&quot;fileExtensionString&quot;:&quot;&quot;,&quot;isSave&quot;:false}},&quot;customData&quot;:{&quot;isMetadataRequired&quot;:false,&quot;filter&quot;:&quot;ALL&quot;}}]" encrypted="false" />
<Property name="COMP_PARAMS_MODEL" value="[]" encrypted="false" />
<Property name="IS_SAVE_MODEL_ALLOWED" value="false" encrypted="false" />
</Properties>
</Component>
</ComponentInfo>
<exprDict>
</exprDict>
<AlgoScriptParamMetadata function="myaddmissingdates" inputVariable="myData" outputVariable="out" modelVariable="" hasVisualization="false" hasPMML="false" hasSummary="false" isSaveModelAllowed="false">
<Params size="3">
<ScriptParam scriptParamName="myData" paramName="myData" type="STRING"/>
<ScriptParam scriptParamName="myDateFormat" paramName="myDateFormat" type="STRING"/>
<ScriptParam scriptParamName="myStrBolApproximate" paramName="myStrBolApproximate" type="STRING"/>
</Params>
<MetaDataInfo>
<Attributes masterSet="ALL" size="0" >
</Attributes>
</MetaDataInfo>
</AlgoScriptParamMetadata>
<ModelScriptParamMetadata function="--Select--" inputVariable="--Select--" outputVariable="" modelVariable="--Select--" hasVisualization="false" hasPMML="false" hasSummary="false">
<Params size="0">
</Params>
<MetaDataInfo>
<Attributes masterSet="ALL" size="0" >
</Attributes>
</MetaDataInfo>
</ModelScriptParamMetadata>
</ComponentGenerator>