COUNTRY;MONTH;REGISTRATIONS
Austria;2010-01-01;20882
Belgium;2010-01-01;49376
Bulgaria;2010-01-01;956
Czech Republic;2010-01-01;10830
Denmark;2010-01-01;10658
Estonia;2010-01-01;759
Finland;2010-01-01;11911
France;2010-01-01;171478
Germany;2010-01-01;181189
Greece;2010-01-01;26585
Hungary;2010-01-01;2781
Ireland;2010-01-01;16382
Italy;2010-01-01;207267
Latvia;2010-01-01;269
Lithuania;2010-01-01;439
Luxembourg;2010-01-01;3536
Netherlands;2010-01-01;62761
Poland;2010-01-01;25371
Portugal;2010-01-01;14558
Romania;2010-01-01;3791
Slovakia;2010-01-01;2917
Slovenia;2010-01-01;5217
Spain;2010-01-01;70130
Sweden;2010-01-01;15523
United Kingdom;2010-01-01;145479
Iceland;2010-01-01;88
Norway;2010-01-01;9697
Switzerland;2010-01-01;18908
Austria;2010-02-01;21786
Belgium;2010-02-01;47584
Bulgaria;2010-02-01;1013
Czech Republic;2010-02-01;11106
Denmark;2010-02-01;8590
Estonia;2010-02-01;562
Finland;2010-02-01;7195
France;2010-02-01;180535
Germany;2010-02-01;194846
Greece;2010-02-01;13728
Hungary;2010-02-01;3041
Ireland;2010-02-01;12098
Italy;2010-02-01;201638
Latvia;2010-02-01;329
Lithuania;2010-02-01;435
Luxembourg;2010-02-01;4081
Netherlands;2010-02-01;37566
Poland;2010-02-01;24398
Portugal;2010-02-01;15358
Romania;2010-02-01;4212
Slovakia;2010-02-01;3476
Slovenia;2010-02-01;4914
Spain;2010-02-01;91281
Sweden;2010-02-01;17972
United Kingdom;2010-02-01;68686
Iceland;2010-02-01;77
Norway;2010-02-01;9094
Switzerland;2010-02-01;18571
Austria;2010-03-01;33270
Belgium;2010-03-01;64330
Bulgaria;2010-03-01;1188
Czech Republic;2010-03-01;17473
Denmark;2010-03-01;13935
Estonia;2010-03-01;864
Finland;2010-03-01;8698
France;2010-03-01;242707
Germany;2010-03-01;294374
Greece;2010-03-01;19053
Hungary;2010-03-01;4392
Ireland;2010-03-01;13650
Italy;2010-03-01;259115
Latvia;2010-03-01;466
Lithuania;2010-03-01;501
Luxembourg;2010-03-01;5806
Netherlands;2010-03-01;44751
Poland;2010-03-01;29348
Portugal;2010-03-01;23836
Romania;2010-03-01;9923
Slovakia;2010-03-01;5397
Slovenia;2010-03-01;6040
Spain;2010-03-01;124756
Sweden;2010-03-01;25652
United Kingdom;2010-03-01;397383
Iceland;2010-03-01;156
Norway;2010-03-01;11486
Switzerland;2010-03-01;28450
Austria;2010-04-01;31723
Belgium;2010-04-01;57309
Bulgaria;2010-04-01;1113
Czech Republic;2010-04-01;15283
Denmark;2010-04-01;11943
Estonia;2010-04-01;861
Finland;2010-04-01;10089
France;2010-04-01;190917
Germany;2010-04-01;259414
Greece;2010-04-01;12448
Hungary;2010-04-01;3662
Ireland;2010-04-01;8469
Italy;2010-04-01;160919
Latvia;2010-04-01;458
Lithuania;2010-04-01;581
Luxembourg;2010-04-01;5941
Netherlands;2010-04-01;37543
Poland;2010-04-01;25314
Portugal;2010-04-01;16219
Romania;2010-04-01;10376
Slovakia;2010-04-01;4836
Slovenia;2010-04-01;5626
Spain;2010-04-01;93637
Sweden;2010-04-01;25668
United Kingdom;2010-04-01;148793
Iceland;2010-04-01;79
Norway;2010-04-01;10677
Switzerland;2010-04-01;25722
Austria;2010-05-01;29057
Belgium;2010-05-01;47725
Bulgaria;2010-05-01;1256
Czech Republic;2010-05-01;15920
Denmark;2010-05-01;12958
Estonia;2010-05-01;911
Finland;2010-05-01;10312
France;2010-05-01;186268
Germany;2010-05-01;249708
Greece;2010-05-01;11928
Hungary;2010-05-01;3402
Ireland;2010-05-01;8594
Italy;2010-05-01;164704
Latvia;2010-05-01;481
Lithuania;2010-05-01;658
Luxembourg;2010-05-01;5158
Netherlands;2010-05-01;36827
Poland;2010-05-01;25648
Portugal;2010-05-01;19250
Romania;2010-05-01;10758
Slovakia;2010-05-01;4930
Slovenia;2010-05-01;5739
Spain;2010-05-01;102874
Sweden;2010-05-01;24994
United Kingdom;2010-05-01;153095
Iceland;2010-05-01;390
Norway;2010-05-01;9896
Switzerland;2010-05-01;24809
Austria;2010-06-01;32957
Belgium;2010-06-01;53872
Bulgaria;2010-06-01;1326
Czech Republic;2010-06-01;18571
Denmark;2010-06-01;15526
Estonia;2010-06-01;896
Finland;2010-06-01;11817
France;2010-06-01;240531
Germany;2010-06-01;289259
Greece;2010-06-01;14790
Hungary;2010-06-01;4259
Ireland;2010-06-01;8404
Italy;2010-06-01;171753
Latvia;2010-06-01;631
Lithuania;2010-06-01;663
Luxembourg;2010-06-01;5155
Netherlands;2010-06-01;50681
Poland;2010-06-01;28226
Portugal;2010-06-01;26029
Romania;2010-06-01;13892
Slovakia;2010-06-01;6154
Slovenia;2010-06-01;5913
Spain;2010-06-01;121484
Sweden;2010-06-01;28270
United Kingdom;2010-06-01;195226
Iceland;2010-06-01;1135
Norway;2010-06-01;11119
Switzerland;2010-06-01;31602
Austria;2010-07-01;28977
Belgium;2010-07-01;39309
Bulgaria;2010-07-01;1457
Czech Republic;2010-07-01;11410
Denmark;2010-07-01;11659
Estonia;2010-07-01;891
Finland;2010-07-01;6965
France;2010-07-01;169944
Germany;2010-07-01;237428
Greece;2010-07-01;11539
Hungary;2010-07-01;4362
Ireland;2010-07-01;6311
Italy;2010-07-01;153886
Latvia;2010-07-01;614
Lithuania;2010-07-01;709
Luxembourg;2010-07-01;4434
Netherlands;2010-07-01;38487
Poland;2010-07-01;24488
Portugal;2010-07-01;20299
Romania;2010-07-01;8336
Slovakia;2010-07-01;5591
Slovenia;2010-07-01;5329
Spain;2010-07-01;82169
Sweden;2010-07-01;20375
United Kingdom;2010-07-01;136446
Iceland;2010-07-01;435
Norway;2010-07-01;11507
Switzerland;2010-07-01;25355
Austria;2010-08-01;24693
Belgium;2010-08-01;37540
Bulgaria;2010-08-01;1371
Czech Republic;2010-08-01;12112
Denmark;2010-08-01;11751
Estonia;2010-08-01;795
Finland;2010-08-01;8281
France;2010-08-01;105166
Germany;2010-08-01;200885
Greece;2010-08-01;7167
Hungary;2010-08-01;3000
Ireland;2010-08-01;5036
Italy;2010-08-01;69262
Latvia;2010-08-01;555
Lithuania;2010-08-01;617
Luxembourg;2010-08-01;2538
Netherlands;2010-08-01;36522
Poland;2010-08-01;22625
Portugal;2010-08-01;11932
Romania;2010-08-01;7048
Slovakia;2010-08-01;5206
Slovenia;2010-08-01;4338
Spain;2010-08-01;44578
Sweden;2010-08-01;22376
United Kingdom;2010-08-01;55305
Iceland;2010-08-01;102
Norway;2010-08-01;10414
Switzerland;2010-08-01;19895
Austria;2010-09-01;28115
Belgium;2010-09-01;36945
Bulgaria;2010-09-01;1168
Czech Republic;2010-09-01;13296
Denmark;2010-09-01;13533
Estonia;2010-09-01;969
Finland;2010-09-01;9299
France;2010-09-01;169944
Germany;2010-09-01;259748
Greece;2010-09-01;5994
Hungary;2010-09-01;3554
Ireland;2010-09-01;4288
Italy;2010-09-01;155231
Latvia;2010-09-01;531
Lithuania;2010-09-01;724
Luxembourg;2010-09-01;3297
Netherlands;2010-09-01;45544
Poland;2010-09-01;27902
Portugal;2010-09-01;13918
Romania;2010-09-01;9811
Slovakia;2010-09-01;5230
Slovenia;2010-09-01;4825
Spain;2010-09-01;56282
Sweden;2010-09-01;25912
United Kingdom;2010-09-01;335246
Iceland;2010-09-01;110
Norway;2010-09-01;11137
Switzerland;2010-09-01;22101
Austria;2010-10-01;28713
Belgium;2010-10-01;43570
Bulgaria;2010-10-01;1333
Czech Republic;2010-10-01;13166
Denmark;2010-10-01;13600
Estonia;2010-10-01;1067
Finland;2010-10-01;9166
France;2010-10-01;171950
Germany;2010-10-01;256775
Greece;2010-10-01;7807
Hungary;2010-10-01;3644
Ireland;2010-10-01;3259
Italy;2010-10-01;140418
Latvia;2010-10-01;577
Lithuania;2010-10-01;943
Luxembourg;2010-10-01;3832
Netherlands;2010-10-01;43572
Poland;2010-10-01;30362
Portugal;2010-10-01;15341
Romania;2010-10-01;10430
Slovakia;2010-10-01;6121
Slovenia;2010-10-01;4894
Spain;2010-10-01;61367
Sweden;2010-10-01;26420
United Kingdom;2010-10-01;131495
Iceland;2010-10-01;125
Norway;2010-10-01;10683
Switzerland;2010-10-01;24422
Austria;2010-11-01;28024
Belgium;2010-11-01;40537
Bulgaria;2010-11-01;1508
Czech Republic;2010-11-01;15258
Denmark;2010-11-01;13962
Estonia;2010-11-01;956
Finland;2010-11-01;7767
France;2010-11-01;193913
Germany;2010-11-01;262262
Greece;2010-11-01;6771
Hungary;2010-11-01;3477
Ireland;2010-11-01;1521
Italy;2010-11-01;146088
Latvia;2010-11-01;650
Lithuania;2010-11-01;843
Luxembourg;2010-11-01;3445
Netherlands;2010-11-01;36920
Poland;2010-11-01;33918
Portugal;2010-11-01;18606
Romania;2010-11-01;10990
Slovakia;2010-11-01;6442
Slovenia;2010-11-01;4756
Spain;2010-11-01;64515
Sweden;2010-11-01;26752
United Kingdom;2010-11-01;139875
Iceland;2010-11-01;184
Norway;2010-11-01;11908
Switzerland;2010-11-01;24819
Austria;2010-12-01;20366
Belgium;2010-12-01;29243
Bulgaria;2010-12-01;1957
Czech Republic;2010-12-01;15155
Denmark;2010-12-01;15472
Estonia;2010-12-01;764
Finland;2010-12-01;5846
France;2010-12-01;228316
Germany;2010-12-01;230371
Greece;2010-12-01;3691
Hungary;2010-12-01;3902
Ireland;2010-12-01;434
Italy;2010-12-01;131298
Latvia;2010-12-01;804
Lithuania;2010-12-01;857
Luxembourg;2010-12-01;2503
Netherlands;2010-12-01;11393
Poland;2010-12-01;35890
Portugal;2010-12-01;28118
Romania;2010-12-01;6761
Slovakia;2010-12-01;7733
Slovenia;2010-12-01;3551
Spain;2010-12-01;68942
Sweden;2010-12-01;29770
United Kingdom;2010-12-01;123817
Iceland;2010-12-01;225
Norway;2010-12-01;10136
Switzerland;2010-12-01;27799
Austria;2011-01-01;25584
Belgium;2011-01-01;53236
Bulgaria;2011-01-01;1256
Czech Republic;2011-01-01;11692
Denmark;2011-01-01;12375
Estonia;2011-01-01;1323
Finland;2011-01-01;13358
France;2011-01-01;185521
Germany;2011-01-01;211056
Greece;2011-01-01;9747
Hungary;2011-01-01;3429
Ireland;2011-01-01;20998
Italy;2011-01-01;165172
Latvia;2011-01-01;732
Lithuania;2011-01-01;846
Luxembourg;2011-01-01;3353
Netherlands;2011-01-01;74787
Poland;2011-01-01;24528
Portugal;2011-01-01;13221
Romania;2011-01-01;4399
Slovakia;2011-01-01;4422
Slovenia;2011-01-01;5562
Spain;2011-01-01;53634
Sweden;2011-01-01;19244
United Kingdom;2011-01-01;128811
Iceland;2011-01-01;197
Norway;2011-01-01;10372
Switzerland;2011-01-01;20557
Austria;2011-02-01;26412
Belgium;2011-02-01;53135
Bulgaria;2011-02-01;1238
Czech Republic;2011-02-01;12879
Denmark;2011-02-01;11552
Estonia;2011-02-01;936
Finland;2011-02-01;8967
France;2011-02-01;204400
Germany;2011-02-01;224426
Greece;2011-02-01;6989
Hungary;2011-02-01;3547
Ireland;2011-02-01;12569
Italy;2011-02-01;161303
Latvia;2011-02-01;765
Lithuania;2011-02-01;925
Luxembourg;2011-02-01;4410
Netherlands;2011-02-01;49019
Poland;2011-02-01;23458
Portugal;2011-02-01;13426
Romania;2011-02-01;4233
Slovakia;2011-02-01;4816
Slovenia;2011-02-01;5445
Spain;2011-02-01;66120
Sweden;2011-02-01;20993
United Kingdom;2011-02-01;63424
Iceland;2011-02-01;130
Norway;2011-02-01;10543
Switzerland;2011-02-01;22453
Austria;2011-03-01;35869
Belgium;2011-03-01;63533
Bulgaria;2011-03-01;1618
Czech Republic;2011-03-01;17534
Denmark;2011-03-01;16760
Estonia;2011-03-01;1486
Finland;2011-03-01;12016
France;2011-03-01;257533
Germany;2011-03-01;327921
Greece;2011-03-01;8531
Hungary;2011-03-01;4454
Ireland;2011-03-01;14391
Italy;2011-03-01;188598
Latvia;2011-03-01;873
Lithuania;2011-03-01;1096
Luxembourg;2011-03-01;5660
Netherlands;2011-03-01;56601
Poland;2011-03-01;28396
Portugal;2011-03-01;18930
Romania;2011-03-01;6119
Slovakia;2011-03-01;6491
Slovenia;2011-03-01;6073
Spain;2011-03-01;88397
Sweden;2011-03-01;29527
United Kingdom;2011-03-01;366101
Iceland;2011-03-01;208
Norway;2011-03-01;12901
Switzerland;2011-03-01;30285
Austria;2011-04-01;33317
Belgium;2011-04-01;53300
Bulgaria;2011-04-01;1625
Czech Republic;2011-04-01;14650
Denmark;2011-04-01;13400
Estonia;2011-04-01;1538
Finland;2011-04-01;11010
France;2011-04-01;169757
Germany;2011-04-01;266251
Greece;2011-04-01;10191
Hungary;2011-04-01;3701
Ireland;2011-04-01;8674
Italy;2011-04-01;158171
Latvia;2011-04-01;845
Lithuania;2011-04-01;1164
Luxembourg;2011-04-01;5221
Netherlands;2011-04-01;47637
Poland;2011-04-01;24350
Portugal;2011-04-01;14418
Romania;2011-04-01;8465
Slovakia;2011-04-01;5694
Slovenia;2011-04-01;5179
Spain;2011-04-01;71805
Sweden;2011-04-01;28940
United Kingdom;2011-04-01;137746
Iceland;2011-04-01;293
Norway;2011-04-01;11330
Switzerland;2011-04-01;27614
Austria;2011-05-01;34393
Belgium;2011-05-01;54888
Bulgaria;2011-05-01;1603
Czech Republic;2011-05-01;15502
Denmark;2011-05-01;16545
Estonia;2011-05-01;1722
Finland;2011-05-01;12636
France;2011-05-01;197701
Germany;2011-05-01;304543
Greece;2011-05-01;10076
Hungary;2011-05-01;3829
Ireland;2011-05-01;9440
Italy;2011-05-01;171642
Latvia;2011-05-01;955
Lithuania;2011-05-01;1248
Luxembourg;2011-05-01;5696
Netherlands;2011-05-01;49806
Poland;2011-05-01;24422
Portugal;2011-05-01;14714
Romania;2011-05-01;9684
Slovakia;2011-05-01;6513
Slovenia;2011-05-01;5695
Spain;2011-05-01;78871
Sweden;2011-05-01;30853
United Kingdom;2011-05-01;150431
Iceland;2011-05-01;1062
Norway;2011-05-01;13005
Switzerland;2011-05-01;29420
Austria;2011-06-01;32018
Belgium;2011-06-01;48353
Bulgaria;2011-06-01;1827
Czech Republic;2011-06-01;16188
Denmark;2011-06-01;17005
Estonia;2011-06-01;1458
Finland;2011-06-01;10846
France;2011-06-01;210172
Germany;2011-06-01;288382
Greece;2011-06-01;9740
Hungary;2011-06-01;4205
Ireland;2011-06-01;11007
Italy;2011-06-01;169936
Latvia;2011-06-01;912
Lithuania;2011-06-01;1344
Luxembourg;2011-06-01;4256
Netherlands;2011-06-01;50499
Poland;2011-06-01;26138
Portugal;2011-06-01;17150
Romania;2011-06-01;10335
Slovakia;2011-06-01;6298
Slovenia;2011-06-01;5988
Spain;2011-06-01;83385
Sweden;2011-06-01;27485
United Kingdom;2011-06-01;183125
Iceland;2011-06-01;1166
Norway;2011-06-01;10354
Switzerland;2011-06-01;27919
Austria;2011-07-01;29307
Belgium;2011-07-01;34886
Bulgaria;2011-07-01;1827
Czech Republic;2011-07-01;12131
Denmark;2011-07-01;13053
Estonia;2011-07-01;1291
Finland;2011-07-01;8189
France;2011-07-01;160199
Germany;2011-07-01;260907
Greece;2011-07-01;9940
Hungary;2011-07-01;3719
Ireland;2011-07-01;4079
Italy;2011-07-01;138510
Latvia;2011-07-01;913
Lithuania;2011-07-01;1072
Luxembourg;2011-07-01;4529
Netherlands;2011-07-01;42092
Poland;2011-07-01;23288
Portugal;2011-07-01;14269
Romania;2011-07-01;9012
Slovakia;2011-07-01;5583
Slovenia;2011-07-01;4909
Spain;2011-07-01;78914
Sweden;2011-07-01;19621
United Kingdom;2011-07-01;131634
Iceland;2011-07-01;444
Norway;2011-07-01;11189
Switzerland;2011-07-01;25464
Austria;2011-08-01;25884
Belgium;2011-08-01;37788
Bulgaria;2011-08-01;1651
Czech Republic;2011-08-01;14131
Denmark;2011-08-01;12491
Estonia;2011-08-01;1427
Finland;2011-08-01;9621
France;2011-08-01;108462
Germany;2011-08-01;237561
Greece;2011-08-01;7297
Hungary;2011-08-01;3428
Ireland;2011-08-01;3238
Italy;2011-08-01;70764
Latvia;2011-08-01;856
Lithuania;2011-08-01;1075
Luxembourg;2011-08-01;3018
Netherlands;2011-08-01;39062
Poland;2011-08-01;19340
Portugal;2011-08-01;8131
Romania;2011-08-01;7800
Slovakia;2011-08-01;5190
Slovenia;2011-08-01;4285
Spain;2011-08-01;47223
Sweden;2011-08-01;24368
United Kingdom;2011-08-01;59346
Iceland;2011-08-01;299
Norway;2011-08-01;11464
Switzerland;2011-08-01;21740
Austria;2011-09-01;30755
Belgium;2011-09-01;41427
Bulgaria;2011-09-01;1716
Czech Republic;2011-09-01;13005
Denmark;2011-09-01;13806
Estonia;2011-09-01;1541
Finland;2011-09-01;9632
France;2011-09-01;167526
Germany;2011-09-01;280689
Greece;2011-09-01;6718
Hungary;2011-09-01;3500
Ireland;2011-09-01;2767
Italy;2011-09-01;147021
Latvia;2011-09-01;926
Lithuania;2011-09-01;1197
Luxembourg;2011-09-01;3466
Netherlands;2011-09-01;44382
Poland;2011-09-01;24318
Portugal;2011-09-01;9205
Romania;2011-09-01;9120
Slovakia;2011-09-01;4998
Slovenia;2011-09-01;4647
Spain;2011-09-01;55572
Sweden;2011-09-01;26605
United Kingdom;2011-09-01;332476
Iceland;2011-09-01;283
Norway;2011-09-01;11737
Switzerland;2011-09-01;26401
Austria;2011-10-01;28909
Belgium;2011-10-01;42462
Bulgaria;2011-10-01;1736
Czech Republic;2011-10-01;14877
Denmark;2011-10-01;12388
Estonia;2011-10-01;1523
Finland;2011-10-01;9631
France;2011-10-01;176103
Germany;2011-10-01;258253
Greece;2011-10-01;5023
Hungary;2011-10-01;3511
Ireland;2011-10-01;1566
Italy;2011-10-01;133411
Latvia;2011-10-01;974
Lithuania;2011-10-01;1180
Luxembourg;2011-10-01;3923
Netherlands;2011-10-01;43635
Poland;2011-10-01;24883
Portugal;2011-10-01;9137
Romania;2011-10-01;9677
Slovakia;2011-10-01;5751
Slovenia;2011-10-01;4686
Spain;2011-10-01;57278
Sweden;2011-10-01;25052
United Kingdom;2011-10-01;134944
Iceland;2011-10-01;319
Norway;2011-10-01;11543
Switzerland;2011-10-01;26802
Austria;2011-11-01;30339
Belgium;2011-11-01;40440
Bulgaria;2011-11-01;1773
Czech Republic;2011-11-01;15962
Denmark;2011-11-01;15028
Estonia;2011-11-01;1690
Finland;2011-11-01;8731
France;2011-11-01;179038
Germany;2011-11-01;269144
Greece;2011-11-01;7890
Hungary;2011-11-01;4510
Ireland;2011-11-01;778
Italy;2011-11-01;133283
Latvia;2011-11-01;1169
Lithuania;2011-11-01;1054
Luxembourg;2011-11-01;3707
Netherlands;2011-11-01;41081
Poland;2011-11-01;26595
Portugal;2011-11-01;9555
Romania;2011-11-01;10185
Slovakia;2011-11-01;5903
Slovenia;2011-11-01;4319
Spain;2011-11-01;60395
Sweden;2011-11-01;26894
United Kingdom;2011-11-01;134027
Iceland;2011-11-01;374
Norway;2011-11-01;12357
Switzerland;2011-11-01;28487
Austria;2011-12-01;23358
Belgium;2011-12-01;48763
Bulgaria;2011-12-01;1382
Czech Republic;2011-12-01;15044
Denmark;2011-12-01;15341
Estonia;2011-12-01;1135
Finland;2011-12-01;6534
France;2011-12-01;187817
Germany;2011-12-01;244501
Greece;2011-12-01;5538
Hungary;2011-12-01;3261
Ireland;2011-12-01;371
Italy;2011-12-01;111928
Latvia;2011-12-01;1060
Lithuania;2011-12-01;1033
Luxembourg;2011-12-01;2642
Netherlands;2011-12-01;17243
Poland;2011-12-01;28221
Portugal;2011-12-01;11248
Romania;2011-12-01;5590
Slovakia;2011-12-01;6595
Slovenia;2011-12-01;3405
Spain;2011-12-01;66457
Sweden;2011-12-01;25402
United Kingdom;2011-12-01;119188
Iceland;2011-12-01;263
Norway;2011-12-01;11550
Switzerland;2011-12-01;29704
Austria;2012-01-01;26826
Belgium;2012-01-01;44732
Bulgaria;2012-01-01;1325
Czech Republic;2012-01-01;12912
Denmark;2012-01-01;12871
Estonia;2012-01-01;1671
Finland;2012-01-01;14237
France;2012-01-01;147046
Germany;2012-01-01;210195
Greece;2012-01-01;8451
Hungary;2012-01-01;4935
Ireland;2012-01-01;21309
Italy;2012-01-01;137744
Latvia;2012-01-01;882
Lithuania;2012-01-01;1008
Luxembourg;2012-01-01;3649
Netherlands;2012-01-01;70157
Poland;2012-01-01;24057
Portugal;2012-01-01;6959
Romania;2012-01-01;3475
Slovakia;2012-01-01;4801
Slovenia;2012-01-01;5126
Spain;2012-01-01;54961
Sweden;2012-01-01;18686
United Kingdom;2012-01-01;128853
Iceland;2012-01-01;320
Norway;2012-01-01;10838
Switzerland;2012-01-01;23649
Austria;2012-02-01;24005
Belgium;2012-02-01;43716
Bulgaria;2012-02-01;1394
Czech Republic;2012-02-01;13542
Denmark;2012-02-01;14182
Estonia;2012-02-01;1303
Finland;2012-02-01;10619
France;2012-02-01;163010
Germany;2012-02-01;224318
Greece;2012-02-01;3827
Hungary;2012-02-01;4260
Ireland;2012-02-01;11496
Italy;2012-02-01;131269
Latvia;2012-02-01;727
Lithuania;2012-02-01;863
Luxembourg;2012-02-01;4543
Netherlands;2012-02-01;43968
Poland;2012-02-01;23732
Portugal;2012-02-01;6902
Romania;2012-02-01;4540
Slovakia;2012-02-01;5370
Slovenia;2012-02-01;4239
Spain;2012-02-01;64730
Sweden;2012-02-01;20735
United Kingdom;2012-02-01;61868
Iceland;2012-02-01;323
Norway;2012-02-01;10925
Switzerland;2012-02-01;23283
Austria;2012-03-01;37933
Belgium;2012-03-01;59915
Bulgaria;2012-03-01;1610
Czech Republic;2012-03-01;17062
Denmark;2012-03-01;13680
Estonia;2012-03-01;1684
Finland;2012-03-01;22925
France;2012-03-01;197774
Germany;2012-03-01;339123
Greece;2012-03-01;4901
Hungary;2012-03-01;4766
Ireland;2012-03-01;13054
Italy;2012-03-01;138816
Latvia;2012-03-01;879
Lithuania;2012-03-01;1001
Luxembourg;2012-03-01;5319
Netherlands;2012-03-01;52334
Poland;2012-03-01;29349
Portugal;2012-03-01;9643
Romania;2012-03-01;5815
Slovakia;2012-03-01;6427
Slovenia;2012-03-01;5349
Spain;2012-03-01;84427
Sweden;2012-03-01;28555
United Kingdom;2012-03-01;372835
Iceland;2012-03-01;433
Norway;2012-03-01;13051
Switzerland;2012-03-01;32700
Austria;2012-04-01;32728
Belgium;2012-04-01;48326
Bulgaria;2012-04-01;1856
Czech Republic;2012-04-01;16586
Denmark;2012-04-01;12092
Estonia;2012-04-01;1765
Finland;2012-04-01;4051
France;2012-04-01;166552
Germany;2012-04-01;274066
Greece;2012-04-01;4409
Hungary;2012-04-01;4287
Ireland;2012-04-01;6806
Italy;2012-04-01;130320
Latvia;2012-04-01;884
Lithuania;2012-04-01;1061
Luxembourg;2012-04-01;5373
Netherlands;2012-04-01;41033
Poland;2012-04-01;23602
Portugal;2012-04-01;8400
Romania;2012-04-01;6650
Slovakia;2012-04-01;5794
Slovenia;2012-04-01;4513
Spain;2012-04-01;56250
Sweden;2012-04-01;23336
United Kingdom;2012-04-01;142322
Iceland;2012-04-01;726
Norway;2012-04-01;10876
Switzerland;2012-04-01;28437
Austria;2012-05-01;32398
Belgium;2012-05-01;40780
Bulgaria;2012-05-01;1894
Czech Republic;2012-05-01;15975
Denmark;2012-05-01;16688
Estonia;2012-05-01;1942
Finland;2012-05-01;7320
France;2012-05-01;165691
Germany;2012-05-01;289977
Greece;2012-05-01;5314
Hungary;2012-05-01;4581
Ireland;2012-05-01;7701
Italy;2012-05-01;147938
Latvia;2012-05-01;1040
Lithuania;2012-05-01;1213
Luxembourg;2012-05-01;4833
Netherlands;2012-05-01;47759
Poland;2012-05-01;23684
Portugal;2012-05-01;10668
Romania;2012-05-01;8497
Slovakia;2012-05-01;5948
Slovenia;2012-05-01;4791
Spain;2012-05-01;72444
Sweden;2012-05-01;25759
United Kingdom;2012-05-01;162288
Iceland;2012-05-01;1536
Norway;2012-05-01;12612
Switzerland;2012-05-01;29176
Austria;2012-06-01;33068
Belgium;2012-06-01;47647
Bulgaria;2012-06-01;2278
Czech Republic;2012-06-01;18138
Denmark;2012-06-01;14697
Estonia;2012-06-01;1966
Finland;2012-06-01;7716
France;2012-06-01;208909
Germany;2012-06-01;296722
Greece;2012-06-01;5527
Hungary;2012-06-01;4956
Ireland;2012-06-01;6352
Italy;2012-06-01;129113
Latvia;2012-06-01;1050
Lithuania;2012-06-01;1048
Luxembourg;2012-06-01;4939
Netherlands;2012-06-01;76120
Poland;2012-06-01;23157
Portugal;2012-06-01;10803
Romania;2012-06-01;6963
Slovakia;2012-06-01;5976
Slovenia;2012-06-01;5135
Spain;2012-06-01;73259
Sweden;2012-06-01;25562
United Kingdom;2012-06-01;189514
Iceland;2012-06-01;1516
Norway;2012-06-01;11053
Switzerland;2012-06-01;39971
Austria;2012-07-01;28268
Belgium;2012-07-01;36701
Bulgaria;2012-07-01;1580
Czech Republic;2012-07-01;11157
Denmark;2012-07-01;16709
Estonia;2012-07-01;1794
Finland;2012-07-01;6444
France;2012-07-01;148924
Germany;2012-07-01;247860
Greece;2012-07-01;5757
Hungary;2012-07-01;4474
Ireland;2012-07-01;4424
Italy;2012-07-01;109616
Latvia;2012-07-01;895
Lithuania;2012-07-01;1051
Luxembourg;2012-07-01;4195
Netherlands;2012-07-01;30918
Poland;2012-07-01;20681
Portugal;2012-07-01;9256
Romania;2012-07-01;5599
Slovakia;2012-07-01;6252
Slovenia;2012-07-01;4242
Spain;2012-07-01;65325
Sweden;2012-07-01;18076
United Kingdom;2012-07-01;143884
Iceland;2012-07-01;574
Norway;2012-07-01;11920
Switzerland;2012-07-01;24156
Austria;2012-08-01;24570
Belgium;2012-08-01;31256
Bulgaria;2012-08-01;1837
Czech Republic;2012-08-01;13193
Denmark;2012-08-01;13546
Estonia;2012-08-01;1518
Finland;2012-08-01;7538
France;2012-08-01;96067
Germany;2012-08-01;226455
Greece;2012-08-01;3886
Hungary;2012-08-01;3537
Ireland;2012-08-01;3092
Italy;2012-08-01;56715
Latvia;2012-08-01;894
Lithuania;2012-08-01;952
Luxembourg;2012-08-01;2899
Netherlands;2012-08-01;32996
Poland;2012-08-01;17976
Portugal;2012-08-01;5442
Romania;2012-08-01;5268
Slovakia;2012-08-01;5948
Slovenia;2012-08-01;3166
Spain;2012-08-01;48820
Sweden;2012-08-01;21065
United Kingdom;2012-08-01;59433
Iceland;2012-08-01;473
Norway;2012-08-01;11790
Switzerland;2012-08-01;21943
Austria;2012-09-01;27094
Belgium;2012-09-01;33660
Bulgaria;2012-09-01;1586
Czech Republic;2012-09-01;12475
Denmark;2012-09-01;13905
Estonia;2012-09-01;1548
Finland;2012-09-01;7983
France;2012-09-01;137536
Germany;2012-09-01;250082
Greece;2012-09-01;3463
Hungary;2012-09-01;3525
Ireland;2012-09-01;2483
Italy;2012-09-01;109543
Latvia;2012-09-01;744
Lithuania;2012-09-01;980
Luxembourg;2012-09-01;3340
Netherlands;2012-09-01;31952
Poland;2012-09-01;18727
Portugal;2012-09-01;6357
Romania;2012-09-01;6751
Slovakia;2012-09-01;7329
Slovenia;2012-09-01;3289
Spain;2012-09-01;35148
Sweden;2012-09-01;21937
United Kingdom;2012-09-01;359612
Iceland;2012-09-01;470
Norway;2012-09-01;11134
Switzerland;2012-09-01;21067
Austria;2012-10-01;26322
Belgium;2012-10-01;41846
Bulgaria;2012-10-01;1660
Czech Republic;2012-10-01;15962
Denmark;2012-10-01;15218
Estonia;2012-10-01;1630
Finland;2012-10-01;8188
France;2012-10-01;162335
Germany;2012-10-01;259529
Greece;2012-10-01;5111
Hungary;2012-10-01;4045
Ireland;2012-10-01;1658
Italy;2012-10-01;117398
Latvia;2012-10-01;1001
Lithuania;2012-10-01;1188
Luxembourg;2012-10-01;4454
Netherlands;2012-10-01;26775
Poland;2012-10-01;22048
Portugal;2012-10-01;7387
Romania;2012-10-01;6861
Slovakia;2012-10-01;4796
Slovenia;2012-10-01;3825
Spain;2012-10-01;44873
Sweden;2012-10-01;24028
United Kingdom;2012-10-01;151252
Iceland;2012-10-01;519
Norway;2012-10-01;12413
Switzerland;2012-10-01;26361
Austria;2012-11-01;24377
Belgium;2012-11-01;35834
Bulgaria;2012-11-01;1796
Czech Republic;2012-11-01;14203
Denmark;2012-11-01;16318
Estonia;2012-11-01;1560
Finland;2012-11-01;7716
France;2012-11-01;144602
Germany;2012-11-01;259846
Greece;2012-11-01;4164
Hungary;2012-11-01;4645
Ireland;2012-11-01;883
Italy;2012-11-01;107058
Latvia;2012-11-01;873
Lithuania;2012-11-01;958
Luxembourg;2012-11-01;3782
Netherlands;2012-11-01;30270
Poland;2012-11-01;23062
Portugal;2012-11-01;7133
Romania;2012-11-01;6384
Slovakia;2012-11-01;5554
Slovenia;2012-11-01;3845
Spain;2012-11-01;48155
Sweden;2012-11-01;25052
United Kingdom;2012-11-01;149191
Iceland;2012-11-01;496
Norway;2012-11-01;11986
Switzerland;2012-11-01;26674
Austria;2012-12-01;18421
Belgium;2012-12-01;22324
Bulgaria;2012-12-01;2170
Czech Republic;2012-12-01;12783
Denmark;2012-12-01;10694
Estonia;2012-12-01;1043
Finland;2012-12-01;6410
France;2012-12-01;160314
Germany;2012-12-01;204331
Greece;2012-12-01;3669
Hungary;2012-12-01;5048
Ireland;2012-12-01;316
Italy;2012-12-01;87480
Latvia;2012-12-01;796
Lithuania;2012-12-01;842
Luxembourg;2012-12-01;3072
Netherlands;2012-12-01;18214
Poland;2012-12-01;20820
Portugal;2012-12-01;6359
Romania;2012-12-01;5340
Slovakia;2012-12-01;5073
Slovenia;2012-12-01;2571
Spain;2012-12-01;51197
Sweden;2012-12-01;27108
United Kingdom;2012-12-01;123557
Iceland;2012-12-01;544
Norway;2012-12-01;9369
Switzerland;2012-12-01;28531
Austria;2013-01-01;27761
Belgium;2013-01-01;50684
Bulgaria;2013-01-01;1295
Croatia;2013-01-01;1814
Czech Republic;2013-01-01;12073
Denmark;2013-01-01;14735
Estonia;2013-01-01;1713
Finland;2013-01-01;10252
France;2013-01-01;124798
Germany;2013-01-01;192090
Greece;2013-01-01;5533
Hungary;2013-01-01;3654
Ireland;2013-01-01;17260
Italy;2013-01-01;114102
Latvia;2013-01-01;776
Lithuania;2013-01-01;1001
Luxembourg;2013-01-01;3375
Netherlands;2013-01-01;47959
Poland;2013-01-01;26188
Portugal;2013-01-01;7021
Romania;2013-01-01;4436
Slovakia;2013-01-01;4371
Slovenia;2013-01-01;4424
Spain;2013-01-01;49675
Sweden;2013-01-01;15721
United Kingdom;2013-01-01;143643
Iceland;2013-01-01;460
Norway;2013-01-01;11639
Switzerland;2013-01-01;21285
Austria;2013-02-01;21196
Belgium;2013-02-01;45400
Bulgaria;2013-02-01;1470
Croatia;2013-02-01;1787
Czech Republic;2013-02-01;10562
Denmark;2013-02-01;12223
Estonia;2013-02-01;1364
Finland;2013-02-01;7861
France;2013-02-01;143255
Germany;2013-02-01;200683
Greece;2013-02-01;4116
Hungary;2013-02-01;3839
Ireland;2013-02-01;10583
Italy;2013-02-01;108963
Latvia;2013-02-01;773
Lithuania;2013-02-01;782
Luxembourg;2013-02-01;4090
Netherlands;2013-02-01;31900
Poland;2013-02-01;24072
Portugal;2013-02-01;7517
Romania;2013-02-01;3473
Slovakia;2013-02-01;4401
Slovenia;2013-02-01;3853
Spain;2013-02-01;58372
Sweden;2013-02-01;17860
United Kingdom;2013-02-01;66749
Iceland;2013-02-01;380
Norway;2013-02-01;11322
Switzerland;2013-02-01;22188
Austria;2013-03-01;31067
Belgium;2013-03-01;53076
Bulgaria;2013-03-01;1531
Croatia;2013-03-01;2436
Czech Republic;2013-03-01;13823
Denmark;2013-03-01;14925
Estonia;2013-03-01;1630
Finland;2013-03-01;9491
France;2013-03-01;165829
Germany;2013-03-01;281184
Greece;2013-03-01;4493
Hungary;2013-03-01;5063
Ireland;2013-03-01;11649
Italy;2013-03-01;132753
Latvia;2013-03-01;805
Lithuania;2013-03-01;956
Luxembourg;2013-03-01;4850
Netherlands;2013-03-01;35558
Poland;2013-03-01;25374
Portugal;2013-03-01;9624
Romania;2013-03-01;3324
Slovakia;2013-03-01;5729
Slovenia;2013-03-01;4648
Spain;2013-03-01;72678
Sweden;2013-03-01;22493
United Kingdom;2013-03-01;394806
Iceland;2013-03-01;493
Norway;2013-03-01;10735
Switzerland;2013-03-01;28638
Austria;2013-04-01;30807
Belgium;2013-04-01;53036
Bulgaria;2013-04-01;1692
Croatia;2013-04-01;2813
Czech Republic;2013-04-01;15063
Denmark;2013-04-01;15807
Estonia;2013-04-01;1936
Finland;2013-04-01;9822
France;2013-04-01;157749
Germany;2013-04-01;284444
Greece;2013-04-01;5332
Hungary;2013-04-01;4623
Ireland;2013-04-01;6152
Italy;2013-04-01;116838
Latvia;2013-04-01;796
Lithuania;2013-04-01;1045
Luxembourg;2013-04-01;5160
Netherlands;2013-04-01;30405
Poland;2013-04-01;24018
Portugal;2013-04-01;8042
Romania;2013-04-01;5242
Slovakia;2013-04-01;5765
Slovenia;2013-04-01;4794
Spain;2013-04-01;62317
Sweden;2013-04-01;24175
United Kingdom;2013-04-01;163357
Iceland;2013-04-01;579
Norway;2013-04-01;13988
Switzerland;2013-04-01;28047
Austria;2013-05-01;29094
Belgium;2013-05-01;44519
Bulgaria;2013-05-01;1678
Croatia;2013-05-01;3344
Czech Republic;2013-05-01;14821
Denmark;2013-05-01;16609
Estonia;2013-05-01;2003
Finland;2013-05-01;10230
France;2013-05-01;148490
Germany;2013-05-01;261316
Greece;2013-05-01;5242
Hungary;2013-05-01;5006
Ireland;2013-05-01;5948
Italy;2013-05-01;136850
Latvia;2013-05-01;960
Lithuania;2013-05-01;1109
Luxembourg;2013-05-01;4614
Netherlands;2013-05-01;30077
Poland;2013-05-01;22617
Portugal;2013-05-01;10093
Romania;2013-05-01;4107
Slovakia;2013-05-01;5906
Slovenia;2013-05-01;4911
Spain;2013-05-01;70546
Sweden;2013-05-01;25782
United Kingdom;2013-05-01;180111
Iceland;2013-05-01;1424
Norway;2013-05-01;12012
Switzerland;2013-05-01;27093
Austria;2013-06-01;31279
Belgium;2013-06-01;43158
Bulgaria;2013-06-01;2000
Croatia;2013-06-01;3190
Czech Republic;2013-06-01;14484
Denmark;2013-06-01;17538
Estonia;2013-06-01;1702
Finland;2013-06-01;8816
France;2013-06-01;191355
Germany;2013-06-01;282913
Greece;2013-06-01;5648
Hungary;2013-06-01;4982
Ireland;2013-06-01;1672
Italy;2013-06-01;122815
Latvia;2013-06-01;1027
Lithuania;2013-06-01;1121
Luxembourg;2013-06-01;4320
Netherlands;2013-06-01;35039
Poland;2013-06-01;24998
Portugal;2013-06-01;12735
Romania;2013-06-01;3967
Slovakia;2013-06-01;5872
Slovenia;2013-06-01;5920
Spain;2013-06-01;72771
Sweden;2013-06-01;22869
United Kingdom;2013-06-01;214957
Iceland;2013-06-01;1468
Norway;2013-06-01;10948
Switzerland;2013-06-01;28772
Austria;2013-07-01;28543
Belgium;2013-07-01;34879
Bulgaria;2013-07-01;1738
Croatia;2013-07-01;3224
Czech Republic;2013-07-01;14534
Denmark;2013-07-01;14291
Estonia;2013-07-01;1811
Finland;2013-07-01;8451
France;2013-07-01;150218
Germany;2013-07-01;253146
Greece;2013-07-01;6462
Hungary;2013-07-01;5037
Ireland;2013-07-01;11639
Italy;2013-07-01;108339
Latvia;2013-07-01;934
Lithuania;2013-07-01;1071
Luxembourg;2013-07-01;3905
Netherlands;2013-07-01;30470
Poland;2013-07-01;24717
Portugal;2013-07-01;10843
Romania;2013-07-01;5714
Slovakia;2013-07-01;5709
Slovenia;2013-07-01;4308
Spain;2013-07-01;75027
Sweden;2013-07-01;18161
United Kingdom;2013-07-01;162228
Iceland;2013-07-01;635
Norway;2013-07-01;11312
Switzerland;2013-07-01;25923
Austria;2013-08-01;23063
Belgium;2013-08-01;29829
Bulgaria;2013-08-01;1793
Croatia;2013-08-01;1539
Czech Republic;2013-08-01;11596
Denmark;2013-08-01;14276
Estonia;2013-08-01;1589
Finland;2013-08-01;7731
France;2013-08-01;85953
Germany;2013-08-01;214044
Greece;2013-08-01;3373
Hungary;2013-08-01;4165
Ireland;2013-08-01;3698
Italy;2013-08-01;53296
Latvia;2013-08-01;752
Lithuania;2013-08-01;828
Luxembourg;2013-08-01;2554
Netherlands;2013-08-01;28294
Poland;2013-08-01;18827
Portugal;2013-08-01;6141
Romania;2013-08-01;6319
Slovakia;2013-08-01;4243
Slovenia;2013-08-01;3436
Spain;2013-08-01;39874
Sweden;2013-08-01;21616
United Kingdom;2013-08-01;65937
Iceland;2013-08-01;429
Norway;2013-08-01;11660
Switzerland;2013-08-01;20886
Austria;2013-09-01;25301
Belgium;2013-09-01;34890
Bulgaria;2013-09-01;1692
Croatia;2013-09-01;1817
Czech Republic;2013-09-01;13208
Denmark;2013-09-01;14540
Estonia;2013-09-01;1569
Finland;2013-09-01;8219
France;2013-09-01;142166
Germany;2013-09-01;247199
Greece;2013-09-01;3814
Hungary;2013-09-01;4679
Ireland;2013-09-01;3161
Italy;2013-09-01;106940
Latvia;2013-09-01;940
Lithuania;2013-09-01;986
Luxembourg;2013-09-01;3158
Netherlands;2013-09-01;31393
Poland;2013-09-01;21467
Portugal;2013-09-01;7369
Romania;2013-09-01;4491
Slovakia;2013-09-01;5084
Slovenia;2013-09-01;4025
Spain;2013-09-01;45175
Sweden;2013-09-01;24388
United Kingdom;2013-09-01;403136
Iceland;2013-09-01;350
Norway;2013-09-01;12168
Switzerland;2013-09-01;22518
Austria;2013-10-01;26743
Belgium;2013-10-01;39490
Bulgaria;2013-10-01;1799
Croatia;2013-10-01;2194
Czech Republic;2013-10-01;15346
Denmark;2013-10-01;16832
Estonia;2013-10-01;1798
Finland;2013-10-01;9099
France;2013-10-01;166495
Germany;2013-10-01;265441
Greece;2013-10-01;4971
Hungary;2013-10-01;5122
Ireland;2013-10-01;1692
Italy;2013-10-01;111466
Latvia;2013-10-01;1161
Lithuania;2013-10-01;1196
Luxembourg;2013-10-01;4499
Netherlands;2013-10-01;36307
Poland;2013-10-01;26433
Portugal;2013-10-01;9092
Romania;2013-10-01;5594
Slovakia;2013-10-01;6599
Slovenia;2013-10-01;4641
Spain;2013-10-01;60304
Sweden;2013-10-01;25332
United Kingdom;2013-10-01;157314
Iceland;2013-10-01;467
Norway;2013-10-01;12893
Switzerland;2013-10-01;26310
Austria;2013-11-01;23350
Belgium;2013-11-01;32023
Bulgaria;2013-11-01;1815
Croatia;2013-11-01;1922
Czech Republic;2013-11-01;14697
Denmark;2013-11-01;15872
Estonia;2013-11-01;1577
Finland;2013-11-01;7440
France;2013-11-01;138829
Germany;2013-11-01;254651
Greece;2013-11-01;5464
Hungary;2013-11-01;4943
Ireland;2013-11-01;701
Italy;2013-11-01;102871
Latvia;2013-11-01;894
Lithuania;2013-11-01;1139
Luxembourg;2013-11-01;3544
Netherlands;2013-11-01;40354
Poland;2013-11-01;24049
Portugal;2013-11-01;8810
Romania;2013-11-01;5474
Slovakia;2013-11-01;5668
Slovenia;2013-11-01;3986
Spain;2013-11-01;55451
Sweden;2013-11-01;24738
United Kingdom;2013-11-01;159581
Iceland;2013-11-01;299
Norway;2013-11-01;12079
Switzerland;2013-11-01;24772
Austria;2013-12-01;20831
Belgium;2013-12-01;25081
Bulgaria;2013-12-01;2215
Croatia;2013-12-01;1722
Czech Republic;2013-12-01;14539
Denmark;2013-12-01;14248
Estonia;2013-12-01;1002
Finland;2013-12-01;5902
France;2013-12-01;175319
Germany;2013-12-01;215320
Greece;2013-12-01;4248
Hungary;2013-12-01;5026
Ireland;2013-12-01;212
Italy;2013-12-01;89415
Latvia;2013-12-01;818
Lithuania;2013-12-01;929
Luxembourg;2013-12-01;2555
Netherlands;2013-12-01;38918
Poland;2013-12-01;26238
Portugal;2013-12-01;8634
Romania;2013-12-01;5569
Slovakia;2013-12-01;6653
Slovenia;2013-12-01;2639
Spain;2013-12-01;60499
Sweden;2013-12-01;26423
United Kingdom;2013-12-01;152918
Iceland;2013-12-01;290
Norway;2013-12-01;11395
Switzerland;2013-12-01;29496
Austria;2014-01-01;23990
Belgium;2014-01-01;49584
Bulgaria;2014-01-01;1385
Croatia;2014-01-01;2080
Czech Republic;2014-01-01;13638
Denmark;2014-01-01;16255
Estonia;2014-01-01;1622
Finland;2014-01-01;12699
France;2014-01-01;125454
Germany;2014-01-01;205996
Greece;2014-01-01;6385
Hungary;2014-01-01;4373
Ireland;2014-01-01;22891
Italy;2014-01-01;118464
Latvia;2014-01-01;966
Lithuania;2014-01-01;1176
Luxembourg;2014-01-01;3415
Netherlands;2014-01-01;44369
Poland;2014-01-01;28877
Portugal;2014-01-01;9261
Romania;2014-01-01;5118
Slovakia;2014-01-01;5455
Slovenia;2014-01-01;4690
Spain;2014-01-01;53436
Sweden;2014-01-01;18673
United Kingdom;2014-01-01;154562
Iceland;2014-01-01;538
Norway;2014-01-01;11385
Switzerland;2014-01-01;20374
Austria;2014-02-01;27589
Belgium;2014-02-01;46140
Bulgaria;2014-02-01;1579
Croatia;2014-02-01;2185
Czech Republic;2014-02-01;12779
Denmark;2014-02-01;14726
Estonia;2014-02-01;1424
Finland;2014-02-01;8177
France;2014-02-01;141290
Germany;2014-02-01;209349
Greece;2014-02-01;4356
Hungary;2014-02-01;4957
Ireland;2014-02-01;12711
Italy;2014-02-01;118976
Latvia;2014-02-01;903
Lithuania;2014-02-01;1044
Luxembourg;2014-02-01;4123
Netherlands;2014-02-01;33300
Poland;2014-02-01;32288
Portugal;2014-02-01;10547
Romania;2014-02-01;3650
Slovakia;2014-02-01;5385
Slovenia;2014-02-01;4102
Spain;2014-02-01;68763
Sweden;2014-02-01;21525
United Kingdom;2014-02-01;68736
Iceland;2014-02-01;494
Norway;2014-02-01;11246
Switzerland;2014-02-01;21873
Austria;2014-03-01;29702
Belgium;2014-03-01;52808
Bulgaria;2014-03-01;1862
Croatia;2014-03-01;3064
Czech Republic;2014-03-01;16576
Denmark;2014-03-01;16771
Estonia;2014-03-01;1699
Finland;2014-03-01;9623
France;2014-03-01;179865
Germany;2014-03-01;296408
Greece;2014-03-01;5866
Hungary;2014-03-01;6163
Ireland;2014-03-01;14297
Italy;2014-03-01;140189
Latvia;2014-03-01;981
Lithuania;2014-03-01;1136
Luxembourg;2014-03-01;4773
Netherlands;2014-03-01;29366
Poland;2014-03-01;35327
Portugal;2014-03-01;14152
Romania;2014-03-01;4577
Slovakia;2014-03-01;6015
Slovenia;2014-03-01;5193
Spain;2014-03-01;79928
Sweden;2014-03-01;27605
United Kingdom;2014-03-01;464824
Iceland;2014-03-01;535
Norway;2014-03-01;13861
Switzerland;2014-03-01;26296
Austria;2014-04-01;29240
Belgium;2014-04-01;53319
Bulgaria;2014-04-01;1937
Croatia;2014-04-01;4665
Czech Republic;2014-04-01;17498
Denmark;2014-04-01;16471
Estonia;2014-04-01;2043
Finland;2014-04-01;9315
France;2014-04-01;166959
Germany;2014-04-01;274097
Greece;2014-04-01;5444
Hungary;2014-04-01;5516
Ireland;2014-04-01;7822
Italy;2014-04-01;119850
Latvia;2014-04-01;1067
Lithuania;2014-04-01;1417
Luxembourg;2014-04-01;5220
Netherlands;2014-04-01;28282
Poland;2014-04-01;27611
Portugal;2014-04-01;12314
Romania;2014-04-01;4932
Slovakia;2014-04-01;5989
Slovenia;2014-04-01;4963
Spain;2014-04-01;80174
Sweden;2014-04-01;27543
United Kingdom;2014-04-01;176820
Iceland;2014-04-01;683
Norway;2014-04-01;12115
Switzerland;2014-04-01;27541
Austria;2014-05-01;26986
Belgium;2014-05-01;42955
Bulgaria;2014-05-01;1849
Croatia;2014-05-01;4870
Czech Republic;2014-05-01;15396
Denmark;2014-05-01;16831
Estonia;2014-05-01;1987
Finland;2014-05-01;10107
France;2014-05-01;148951
Germany;2014-05-01;274804
Greece;2014-05-01;7459
Hungary;2014-05-01;5739
Ireland;2014-05-01;6272
Italy;2014-05-01;132312
Latvia;2014-05-01;1121
Lithuania;2014-05-01;1340
Luxembourg;2014-05-01;5198
Netherlands;2014-05-01;30944
Poland;2014-05-01;24231
Portugal;2014-05-01;13782
Romania;2014-05-01;6001
Slovakia;2014-05-01;6260
Slovenia;2014-05-01;4802
Spain;2014-05-01;82483
Sweden;2014-05-01;27652
United Kingdom;2014-05-01;194032
Iceland;2014-05-01;2156
Norway;2014-05-01;12337
Switzerland;2014-05-01;25772
Austria;2014-06-01;29100
Belgium;2014-06-01;43018
Bulgaria;2014-06-01;2144
Croatia;2014-06-01;4269
Czech Republic;2014-06-01;18171
Denmark;2014-06-01;17533
Estonia;2014-06-01;1894
Finland;2014-06-01;9215
France;2014-06-01;196233
Germany;2014-06-01;277614
Greece;2014-06-01;7964
Hungary;2014-06-01;6255
Ireland;2014-06-01;1684
Italy;2014-06-01;128272
Latvia;2014-06-01;1122
Lithuania;2014-06-01;1223
Luxembourg;2014-06-01;4416
Netherlands;2014-06-01;32700
Poland;2014-06-01;25305
Portugal;2014-06-01;15735
Romania;2014-06-01;6947
Slovakia;2014-06-01;6891
Slovenia;2014-06-01;4892
Spain;2014-06-01;90159
Sweden;2014-06-01;28749
United Kingdom;2014-06-01;228291
Iceland;2014-06-01;1965
Norway;2014-06-01;11441
Switzerland;2014-06-01;27715
Austria;2014-07-01;24772
Belgium;2014-07-01;35275
Bulgaria;2014-07-01;1796
Croatia;2014-07-01;3060
Czech Republic;2014-07-01;17700
Denmark;2014-07-01;14239
Estonia;2014-07-01;1942
Finland;2014-07-01;8025
France;2014-07-01;143759
Germany;2014-07-01;270249
Greece;2014-07-01;7627
Hungary;2014-07-01;6129
Ireland;2014-07-01;18711
Italy;2014-07-01;114793
Latvia;2014-07-01;1178
Lithuania;2014-07-01;1448
Luxembourg;2014-07-01;4476
Netherlands;2014-07-01;29763
Poland;2014-07-01;25523
Portugal;2014-07-01;14169
Romania;2014-07-01;8368
Slovakia;2014-07-01;6656
Slovenia;2014-07-01;4666
Spain;2014-07-01;83365
Sweden;2014-07-01;20473
United Kingdom;2014-07-01;172907
Iceland;2014-07-01;742
Norway;2014-07-01;11690
Switzerland;2014-07-01;27267
Austria;2014-08-01;21121
Belgium;2014-08-01;28613
Bulgaria;2014-08-01;1588
Croatia;2014-08-01;1573
Czech Republic;2014-08-01;13937
Denmark;2014-08-01;14578
Estonia;2014-08-01;1639
Finland;2014-08-01;7528
France;2014-08-01;83715
Germany;2014-08-01;213092
Greece;2014-08-01;3693
Hungary;2014-08-01;4769
Ireland;2014-08-01;4865
Italy;2014-08-01;53505
Latvia;2014-08-01;921
Lithuania;2014-08-01;964
Luxembourg;2014-08-01;2944
Netherlands;2014-08-01;25523
Poland;2014-08-01;19983
Portugal;2014-08-01;7741
Romania;2014-08-01;6410
Slovakia;2014-08-01;5249
Slovenia;2014-08-01;3352
Spain;2014-08-01;45355
Sweden;2014-08-01;24274
United Kingdom;2014-08-01;72163
Iceland;2014-08-01;493
Norway;2014-08-01;11444
Switzerland;2014-08-01;19665
Austria;2014-09-01;24863
Belgium;2014-09-01;36383
Bulgaria;2014-09-01;1632
Croatia;2014-09-01;1994
Czech Republic;2014-09-01;15775
Denmark;2014-09-01;14373
Estonia;2014-09-01;1832
Finland;2014-09-01;8410
France;2014-09-01;151089
Germany;2014-09-01;260062
Greece;2014-09-01;5055
Hungary;2014-09-01;5480
Ireland;2014-09-01;3900
Italy;2014-09-01;111027
Latvia;2014-09-01;980
Lithuania;2014-09-01;1280
Luxembourg;2014-09-01;3582
Netherlands;2014-09-01;29807
Poland;2014-09-01;23546
Portugal;2014-09-01;9707
Romania;2014-09-01;5561
Slovakia;2014-09-01;5367
Slovenia;2014-09-01;4464
Spain;2014-09-01;57010
Sweden;2014-09-01;26142
United Kingdom;2014-09-01;425861
Iceland;2014-09-01;552
Norway;2014-09-01;11585
Switzerland;2014-09-01;21630
Austria;2014-10-01;26945
Belgium;2014-10-01;38115
Bulgaria;2014-10-01;1755
Croatia;2014-10-01;2496
Czech Republic;2014-10-01;17791
Denmark;2014-10-01;16307
Estonia;2014-10-01;2083
Finland;2014-10-01;8842
France;2014-10-01;160149
Germany;2014-10-01;275320
Greece;2014-10-01;6003
Hungary;2014-10-01;6115
Ireland;2014-10-01;2013
Italy;2014-10-01;122445
Latvia;2014-10-01;1207
Lithuania;2014-10-01;1251
Luxembourg;2014-10-01;4522
Netherlands;2014-10-01;35112
Poland;2014-10-01;28804
Portugal;2014-10-01;11795
Romania;2014-10-01;7344
Slovakia;2014-10-01;7282
Slovenia;2014-10-01;5182
Spain;2014-10-01;76073
Sweden;2014-10-01;28252
United Kingdom;2014-10-01;179714
Iceland;2014-10-01;547
Norway;2014-10-01;12963
Switzerland;2014-10-01;26209
Austria;2014-11-01;21619
Belgium;2014-11-01;29739
Bulgaria;2014-11-01;1654
Croatia;2014-11-01;1973
Czech Republic;2014-11-01;16365
Denmark;2014-11-01;15126
Estonia;2014-11-01;1981
Finland;2014-11-01;7227
France;2014-11-01;135067
Germany;2014-11-01;250082
Greece;2014-11-01;4983
Hungary;2014-11-01;5901
Ireland;2014-11-01;771
Italy;2014-11-01;108546
Latvia;2014-11-01;1006
Lithuania;2014-11-01;1159
Luxembourg;2014-11-01;3488
Netherlands;2014-11-01;32192
Poland;2014-11-01;24387
Portugal;2014-11-01;11719
Romania;2014-11-01;5669
Slovakia;2014-11-01;5484
Slovenia;2014-11-01;4261
Spain;2014-11-01;65122
Sweden;2014-11-01;25916
United Kingdom;2014-11-01;172327
Iceland;2014-11-01;412
Norway;2014-11-01;11486
Switzerland;2014-11-01;23471
Austria;2014-12-01;17391
Belgium;2014-12-01;26990
Bulgaria;2014-12-01;2005
Croatia;2014-12-01;1733
Czech Republic;2014-12-01;16688
Denmark;2014-12-01;15402
Estonia;2014-12-01;989
Finland;2014-12-01;7091
France;2014-12-01;163354
Germany;2014-12-01;229700
Greece;2014-12-01;6387
Hungary;2014-12-01;6079
Ireland;2014-12-01;347
Italy;2014-12-01;92199
Latvia;2014-12-01;1000
Lithuania;2014-12-01;1023
Luxembourg;2014-12-01;3636
Netherlands;2014-12-01;36214
Poland;2014-12-01;29489
Portugal;2014-12-01;11904
Romania;2014-12-01;5595
Slovakia;2014-12-01;6219
Slovenia;2014-12-01;3392
Spain;2014-12-01;73440
Sweden;2014-12-01;27144
United Kingdom;2014-12-01;166198
Iceland;2014-12-01;403
Norway;2014-12-01;12649
Switzerland;2014-12-01;32297
Austria;2015-01-01;23427
Belgium;2015-01-01;47324
Bulgaria;2015-01-01;1486
Croatia;2015-01-01;2424
Czech Republic;2015-01-01;15727
Denmark;2015-01-01;16010
Estonia;2015-01-01;1692
Finland;2015-01-01;10277
France;2015-01-01;133170
Germany;2015-01-01;211337
Greece;2015-01-01;5848
Hungary;2015-01-01;4880
Ireland;2015-01-01;29781
Italy;2015-01-01;132109
Latvia;2015-01-01;1148
Lithuania;2015-01-01;1421
Luxembourg;2015-01-01;3205
Netherlands;2015-01-01;47639
Poland;2015-01-01;29552
Portugal;2015-01-01;11840
Romania;2015-01-01;4978
Slovakia;2015-01-01;4577
Slovenia;2015-01-01;5174
Spain;2015-01-01;68119
Sweden;2015-01-01;20408
United Kingdom;2015-01-01;164856
Iceland;2015-01-01;678
Norway;2015-01-01;10523
Switzerland;2015-01-01;18520
Austria;2015-02-01;20641
Belgium;2015-02-01;44504
Bulgaria;2015-02-01;1557
Croatia;2015-02-01;2214
Czech Republic;2015-02-01;16383
Denmark;2015-02-01;13540
Estonia;2015-02-01;1239
Finland;2015-02-01;7991
France;2015-02-01;147584
Germany;2015-02-01;223254
Greece;2015-02-01;4894
Hungary;2015-02-01;5902
Ireland;2015-02-01;15762
Italy;2015-02-01;135310
Latvia;2015-02-01;829
Lithuania;2015-02-01;1069
Luxembourg;2015-02-01;3783
Netherlands;2015-02-01;33421
Poland;2015-02-01;28273
Portugal;2015-02-01;14307
Romania;2015-02-01;4116
Slovakia;2015-02-01;5306
Slovenia;2015-02-01;4314
Spain;2015-02-01;86719
Sweden;2015-02-01;23735
United Kingdom;2015-02-01;76958
Iceland;2015-02-01;628
Norway;2015-02-01;10685
Switzerland;2015-02-01;22452
Austria;2015-03-01;31086
Belgium;2015-03-01;55245
Bulgaria;2015-03-01;2192
Croatia;2015-03-01;3466
Czech Republic;2015-03-01;21155
Denmark;2015-03-01;19596
Estonia;2015-03-01;1993
Finland;2015-03-01;11102
France;2015-03-01;196565
Germany;2015-03-01;323039
Greece;2015-03-01;6529
Hungary;2015-03-01;6284
Ireland;2015-03-01;18910
Italy;2015-03-01;162181
Latvia;2015-03-01;1233
Lithuania;2015-03-01;1271
Luxembourg;2015-03-01;4868
Netherlands;2015-03-01;28642
Poland;2015-03-01;33343
Portugal;2015-03-01;20081
Romania;2015-03-01;5339
Slovakia;2015-03-01;6719
Slovenia;2015-03-01;6040
Spain;2015-03-01;112304
Sweden;2015-03-01;31590
United Kingdom;2015-03-01;492774
Iceland;2015-03-01;977
Norway;2015-03-01;14159
Switzerland;2015-03-01;31410
Austria;2015-04-01;29500
Belgium;2015-04-01;51423
Bulgaria;2015-04-01;2065
Croatia;2015-04-01;3746
Czech Republic;2015-04-01;20568
Denmark;2015-04-01;16942
Estonia;2015-04-01;2025
Finland;2015-04-01;9636
France;2015-04-01;170765
Germany;2015-04-01;291395
Greece;2015-04-01;7801
Hungary;2015-04-01;6736
Ireland;2015-04-01;9437
Italy;2015-04-01;149692
Latvia;2015-04-01;1239
Lithuania;2015-04-01;1746
Luxembourg;2015-04-01;5046
Netherlands;2015-04-01;26996
Poland;2015-04-01;28115
Portugal;2015-04-01;15016
Romania;2015-04-01;5482
Slovakia;2015-04-01;6532
Slovenia;2015-04-01;5425
Spain;2015-04-01;82716
Sweden;2015-04-01;30536
United Kingdom;2015-04-01;185778
Iceland;2015-04-01;1304
Norway;2015-04-01;12782
Switzerland;2015-04-01;28663
Austria;2015-05-01;26517
Belgium;2015-05-01;40502
Bulgaria;2015-05-01;2233
Croatia;2015-05-01;5000
Czech Republic;2015-05-01;18113
Denmark;2015-05-01;17036
Estonia;2015-05-01;1748
Finland;2015-05-01;9115
France;2015-05-01;143771
Germany;2015-05-01;256385
Greece;2015-05-01;9070
Hungary;2015-05-01;5874
Ireland;2015-05-01;6902
Italy;2015-05-01;146267
Latvia;2015-05-01;1174
Lithuania;2015-05-01;1467
Luxembourg;2015-05-01;4231
Netherlands;2015-05-01;27758
Poland;2015-05-01;26813
Portugal;2015-05-01;18345
Romania;2015-05-01;5927
Slovakia;2015-05-01;6596
Slovenia;2015-05-01;5442
Spain;2015-05-01;94031
Sweden;2015-05-01;29458
United Kingdom;2015-05-01;198706
Iceland;2015-05-01;2612
Norway;2015-05-01;12036
Switzerland;2015-05-01;27431
Austria;2015-06-01;30462
Belgium;2015-06-01;49426
Bulgaria;2015-06-01;2412
Croatia;2015-06-01;4725
Czech Republic;2015-06-01;21315
Denmark;2015-06-01;21330
Estonia;2015-06-01;2065
Finland;2015-06-01;8979
France;2015-06-01;225638
Germany;2015-06-01;313539
Greece;2015-06-01;8999
Hungary;2015-06-01;7347
Ireland;2015-06-01;1439
Italy;2015-06-01;142199
Latvia;2015-06-01;1243
Lithuania;2015-06-01;1589
Luxembourg;2015-06-01;4548
Netherlands;2015-06-01;36838
Poland;2015-06-01;29969
Portugal;2015-06-01;21072
Romania;2015-06-01;8630
Slovakia;2015-06-01;7455
Slovenia;2015-06-01;5315
Spain;2015-06-01;111333
Sweden;2015-06-01;32257
United Kingdom;2015-06-01;257817
Iceland;2015-06-01;2572
Norway;2015-06-01;14207
Switzerland;2015-06-01;32855
Austria;2015-07-01;26917
Belgium;2015-07-01;36121
Bulgaria;2015-07-01;2125
Croatia;2015-07-01;3324
Czech Republic;2015-07-01;21415
Denmark;2015-07-01;16228
Estonia;2015-07-01;1944
Finland;2015-07-01;8727
France;2015-07-01;147125
Germany;2015-07-01;290196
Greece;2015-07-01;5447
Hungary;2015-07-01;7011
Ireland;2015-07-01;27564
Italy;2015-07-01;132473
Latvia;2015-07-01;1237
Lithuania;2015-07-01;1559
Luxembourg;2015-07-01;4334
Netherlands;2015-07-01;33820
Poland;2015-07-01;29366
Portugal;2015-07-01;15545
Romania;2015-07-01;9253
Slovakia;2015-07-01;7080
Slovenia;2015-07-01;5175
Spain;2015-07-01;102923
Sweden;2015-07-01;24139
United Kingdom;2015-07-01;178420
Iceland;2015-07-01;1163
Norway;2015-07-01;12394
Switzerland;2015-07-01;29769
Austria;2015-08-01;22677
Belgium;2015-08-01;31252
Bulgaria;2015-08-01;1647
Croatia;2015-08-01;1729
Czech Republic;2015-08-01;18278
Denmark;2015-08-01;16157
Estonia;2015-08-01;1565
Finland;2015-08-01;8405
France;2015-08-01;92048
Germany;2015-08-01;226314
Greece;2015-08-01;4470
Hungary;2015-08-01;4996
Ireland;2015-08-01;6400
Italy;2015-08-01;59584
Latvia;2015-08-01;1000
Lithuania;2015-08-01;1204
Luxembourg;2015-08-01;2636
Netherlands;2015-08-01;30838
Poland;2015-08-01;23256
Portugal;2015-08-01;9437
Romania;2015-08-01;7362
Slovakia;2015-08-01;6785
Slovenia;2015-08-01;4048
Spain;2015-08-01;55921
Sweden;2015-08-01;26877
United Kingdom;2015-08-01;79060
Iceland;2015-08-01;836
Norway;2015-08-01;12604
Switzerland;2015-08-01;23311
Austria;2015-09-01;25966
Belgium;2015-09-01;36725
Bulgaria;2015-09-01;1929
Croatia;2015-09-01;2189
Czech Republic;2015-09-01;18056
Denmark;2015-09-01;17760
Estonia;2015-09-01;1846
Finland;2015-09-01;8520
France;2015-09-01;164769
Germany;2015-09-01;272479
Greece;2015-09-01;5125
Hungary;2015-09-01;6268
Ireland;2015-09-01;4766
Italy;2015-09-01;130818
Latvia;2015-09-01;1184
Lithuania;2015-09-01;1529
Luxembourg;2015-09-01;3376
Netherlands;2015-09-01;35031
Poland;2015-09-01;27135
Portugal;2015-09-01;12623
Romania;2015-09-01;5752
Slovakia;2015-09-01;5969
Slovenia;2015-09-01;4586
Spain;2015-09-01;69852
Sweden;2015-09-01;29653
United Kingdom;2015-09-01;462517
Iceland;2015-09-01;796
Norway;2015-09-01;12421
Switzerland;2015-09-01;24004
Austria;2015-10-01;25149
Belgium;2015-10-01;39474
Bulgaria;2015-10-01;2005
Croatia;2015-10-01;2482
Czech Republic;2015-10-01;19658
Denmark;2015-10-01;16839
Estonia;2015-10-01;1950
Finland;2015-10-01;9178
France;2015-10-01;161737
Germany;2015-10-01;278372
Greece;2015-10-01;4946
Hungary;2015-10-01;8189
Ireland;2015-10-01;2559
Italy;2015-10-01;133606
Latvia;2015-10-01;1291
Lithuania;2015-10-01;1572
Luxembourg;2015-10-01;4398
Netherlands;2015-10-01;38819
Poland;2015-10-01;29003
Portugal;2015-10-01;13719
Romania;2015-10-01;7562
Slovakia;2015-10-01;6691
Slovenia;2015-10-01;5507
Spain;2015-10-01;80055
Sweden;2015-10-01;31563
United Kingdom;2015-10-01;177664
Iceland;2015-10-01;807
Norway;2015-10-01;13197
Switzerland;2015-10-01;25171
Austria;2015-11-01;23381
Belgium;2015-11-01;36329
Bulgaria;2015-11-01;2184
Croatia;2015-11-01;2308
Czech Republic;2015-11-01;20421
Denmark;2015-11-01;17106
Estonia;2015-11-01;1611
Finland;2015-11-01;8989
France;2015-11-01;150334
Germany;2015-11-01;272377
Greece;2015-11-01;5859
Hungary;2015-11-01;6590
Ireland;2015-11-01;940
Italy;2015-11-01;134790
Latvia;2015-11-01;1128
Lithuania;2015-11-01;1438
Luxembourg;2015-11-01;3412
Netherlands;2015-11-01;40344
Poland;2015-11-01;30217
Portugal;2015-11-01;13376
Romania;2015-11-01;8022
Slovakia;2015-11-01;6953
Slovenia;2015-11-01;5147
Spain;2015-11-01;81650
Sweden;2015-11-01;31352
United Kingdom;2015-11-01;178876
Iceland;2015-11-01;793
Norway;2015-11-01;12600
Switzerland;2015-11-01;26015
Austria;2015-12-01;22832
Belgium;2015-12-01;32741
Bulgaria;2015-12-01;2421
Croatia;2015-12-01;2108
Czech Republic;2015-12-01;19768
Denmark;2015-12-01;18455
Estonia;2015-12-01;1355
Finland;2015-12-01;7925
France;2015-12-01;183720
Germany;2015-12-01;247355
Greece;2015-12-01;6816
Hungary;2015-12-01;7094
Ireland;2015-12-01;344
Italy;2015-12-01;110056
Latvia;2015-12-01;1060
Lithuania;2015-12-01;1206
Luxembourg;2015-12-01;2636
Netherlands;2015-12-01;68779
Poland;2015-12-01;37336
Portugal;2015-12-01;13142
Romania;2015-12-01;8739
Slovakia;2015-12-01;7316
Slovenia;2015-12-01;3491
Spain;2015-12-01;88609
Sweden;2015-12-01;33540
United Kingdom;2015-12-01;180077
Iceland;2015-12-01;842
Norway;2015-12-01;13078
Switzerland;2015-12-01;32068
Austria;2016-01-01;24019
Belgium;2016-01-01;44326
Bulgaria;2016-01-01;1627
Croatia;2016-01-01;2427
Czech Republic;2016-01-01;17499
Denmark;2016-01-01;16412
Estonia;2016-01-01;1788
Finland;2016-01-01;11785
France;2016-01-01;138400
Germany;2016-01-01;218365
Greece;2016-01-01;5700
Hungary;2016-01-01;5568
Ireland;2016-01-01;39722
Italy;2016-01-01;155851
Latvia;2016-01-01;1090
Lithuania;2016-01-01;1561
Luxembourg;2016-01-01;3477
Netherlands;2016-01-01;40542
Poland;2016-01-01;31941
Portugal;2016-01-01;13940
Romania;2016-01-01;5800
Slovakia;2016-01-01;5473
Slovenia;2016-01-01;5907
Spain;2016-01-01;76334
Sweden;2016-01-01;21648
United Kingdom;2016-01-01;169678
Iceland;2016-01-01;1213
Norway;2016-01-01;10991
Switzerland;2016-01-01;20371
Austria;2016-02-01;22495
Belgium;2016-02-01;49707
Bulgaria;2016-02-01;1748
Croatia;2016-02-01;2583
Czech Republic;2016-02-01;19300
Denmark;2016-02-01;16611
Estonia;2016-02-01;1671
Finland;2016-02-01;9653
France;2016-02-01;166728
Germany;2016-02-01;250146
Greece;2016-02-01;3310
Hungary;2016-02-01;6627
Ireland;2016-02-01;21573
Italy;2016-02-01;173097
Latvia;2016-02-01;1246
Lithuania;2016-02-01;1407
Luxembourg;2016-02-01;4448
Netherlands;2016-02-01;28097
Poland;2016-02-01;33795
Portugal;2016-02-01;18029
Romania;2016-02-01;5099
Slovakia;2016-02-01;6728
Slovenia;2016-02-01;4797
Spain;2016-02-01;97649
Sweden;2016-02-01;26869
United Kingdom;2016-02-01;83395
Iceland;2016-02-01;1044
Norway;2016-02-01;12222
Switzerland;2016-02-01;22564
Austria;2016-03-01;31941
Belgium;2016-03-01;56423
Bulgaria;2016-03-01;2333
Croatia;2016-03-01;4119
Czech Republic;2016-03-01;22799
Denmark;2016-03-01;19142
Estonia;2016-03-01;2085
Finland;2016-03-01;11625
France;2016-03-01;211254
Germany;2016-03-01;322913
Greece;2016-03-01;6316
Hungary;2016-03-01;7502
Ireland;2016-03-01;21529
Italy;2016-03-01;191408
Latvia;2016-03-01;1548
Lithuania;2016-03-01;1625
Luxembourg;2016-03-01;5040
Netherlands;2016-03-01;29626
Poland;2016-03-01;39303
Portugal;2016-03-01;26459
Romania;2016-03-01;6572
Slovakia;2016-03-01;7823
Slovenia;2016-03-01;5887
Spain;2016-03-01;111511
Sweden;2016-03-01;34712
United Kingdom;2016-03-01;518707
Iceland;2016-03-01;1333
Norway;2016-03-01;13875
Switzerland;2016-03-01;29022
Austria;2016-04-01;31102
Belgium;2016-04-01;55022
Bulgaria;2016-04-01;2305
Croatia;2016-04-01;4924
Czech Republic;2016-04-01;23131
Denmark;2016-04-01;19853
Estonia;2016-04-01;2235
Finland;2016-04-01;11083
France;2016-04-01;182863
Germany;2016-04-01;315921
Greece;2016-04-01;9735
Hungary;2016-04-01;8063
Ireland;2016-04-01;10382
Italy;2016-04-01;168132
Latvia;2016-04-01;1462
Lithuania;2016-04-01;2036
Luxembourg;2016-04-01;5233
Netherlands;2016-04-01;27611
Poland;2016-04-01;34753
Portugal;2016-04-01;15978
Romania;2016-04-01;6174
Slovakia;2016-04-01;7279
Slovenia;2016-04-01;5074
Spain;2016-04-01;100279
Sweden;2016-04-01;33580
United Kingdom;2016-04-01;189505
Iceland;2016-04-01;2260
Norway;2016-04-01;14116
Switzerland;2016-04-01;28498
Austria;2016-05-01;28462
Belgium;2016-05-01;48856
Bulgaria;2016-05-01;2432
Croatia;2016-05-01;6090
Czech Republic;2016-05-01;24335
Denmark;2016-05-01;21121
Estonia;2016-05-01;2279
Finland;2016-05-01;10517
France;2016-05-01;175831
Germany;2016-05-01;286931
Greece;2016-05-01;13489
Hungary;2016-05-01;8517
Ireland;2016-05-01;6499
Italy;2016-05-01;188650
Latvia;2016-05-01;1415
Lithuania;2016-05-01;2160
Luxembourg;2016-05-01;5011
Netherlands;2016-05-01;28791
Poland;2016-05-01;33154
Portugal;2016-05-01;20851
Romania;2016-05-01;6345
Slovakia;2016-05-01;8299
Slovenia;2016-05-01;5466
Spain;2016-05-01;113671
Sweden;2016-05-01;34475
United Kingdom;2016-05-01;203585
Iceland;2016-05-01;3392
Norway;2016-05-01;12864
Switzerland;2016-05-01;25852
Austria;2016-06-01;33751
Belgium;2016-06-01;55272
Bulgaria;2016-06-01;2548
Croatia;2016-06-01;6244
Czech Republic;2016-06-01;25714
Denmark;2016-06-01;23641
Estonia;2016-06-01;2022
Finland;2016-06-01;10753
France;2016-06-01;227353
Germany;2016-06-01;339563
Greece;2016-06-01;8863
Hungary;2016-06-01;9696
Ireland;2016-06-01;1624
Italy;2016-06-01;166224
Latvia;2016-06-01;1937
Lithuania;2016-06-01;1899
Luxembourg;2016-06-01;5106
Netherlands;2016-06-01;39252
Poland;2016-06-01;38746
Portugal;2016-06-01;23369
Romania;2016-06-01;5462
Slovakia;2016-06-01;8354
Slovenia;2016-06-01;5764
Spain;2016-06-01;123790
Sweden;2016-06-01;36307
United Kingdom;2016-06-01;255766
Iceland;2016-06-01;2855
Norway;2016-06-01;13681
Switzerland;2016-06-01;31104
Austria;2016-07-01;26882
Belgium;2016-07-01;34373
Bulgaria;2016-07-01;2317
Croatia;2016-07-01;3578
Czech Republic;2016-07-01;18739
Denmark;2016-07-01;15697
Estonia;2016-07-01;1937
Finland;2016-07-01;8342
France;2016-07-01;132990
Germany;2016-07-01;278866
Greece;2016-07-01;7034
Hungary;2016-07-01;8064
Ireland;2016-07-01;29883
Italy;2016-07-01;137221
Latvia;2016-07-01;1257
Lithuania;2016-07-01;1651
Luxembourg;2016-07-01;4141
Netherlands;2016-07-01;31029
Poland;2016-07-01;31424
Portugal;2016-07-01;15632
Romania;2016-07-01;10768
Slovakia;2016-07-01;6826
Slovenia;2016-07-01;4700
Spain;2016-07-01;107306
Sweden;2016-07-01;24197
United Kingdom;2016-07-01;178523
Iceland;2016-07-01;1611
Norway;2016-07-01;11040
Switzerland;2016-07-01;25897
Austria;2016-08-01;23690
Belgium;2016-08-01;38655
Bulgaria;2016-08-01;2137
Croatia;2016-08-01;2365
Czech Republic;2016-08-01;21251
Denmark;2016-08-01;17424
Estonia;2016-08-01;1850
Finland;2016-08-01;9201
France;2016-08-01;98211
Germany;2016-08-01;245076
Greece;2016-08-01;4174
Hungary;2016-08-01;7177
Ireland;2016-08-01;7286
Italy;2016-08-01;71990
Latvia;2016-08-01;1168
Lithuania;2016-08-01;1552
Luxembourg;2016-08-01;3359
Netherlands;2016-08-01;26847
Poland;2016-08-01;28467
Portugal;2016-08-01;10708
Romania;2016-08-01;12411
Slovakia;2016-08-01;6906
Slovenia;2016-08-01;3601
Spain;2016-08-01;64089
Sweden;2016-08-01;27316
United Kingdom;2016-08-01;81640
Iceland;2016-08-01;1181
Norway;2016-08-01;13232
Switzerland;2016-08-01;21734
Austria;2016-09-01;29836
Belgium;2016-09-01;41748
Bulgaria;2016-09-01;2290
Croatia;2016-09-01;2586
Czech Republic;2016-09-01;19946
Denmark;2016-09-01;18452
Estonia;2016-09-01;1959
Finland;2016-09-01;9645
France;2016-09-01;168820
Germany;2016-09-01;298002
Greece;2016-09-01;4595
Hungary;2016-09-01;8225
Ireland;2016-09-01;4688
Italy;2016-09-01;154311
Latvia;2016-09-01;1530
Lithuania;2016-09-01;1703
Luxembourg;2016-09-01;3568
Netherlands;2016-09-01;33327
Poland;2016-09-01;32746
Portugal;2016-09-01;13960
Romania;2016-09-01;9361
Slovakia;2016-09-01;7126
Slovenia;2016-09-01;4585
Spain;2016-09-01;79591
Sweden;2016-09-01;32292
United Kingdom;2016-09-01;469696
Iceland;2016-09-01;1027
Norway;2016-09-01;13854
Switzerland;2016-09-01;25989
Austria;2016-10-01;26273
Belgium;2016-10-01;41969
Bulgaria;2016-10-01;2239
Croatia;2016-10-01;2889
Czech Republic;2016-10-01;21905
Denmark;2016-10-01;17076
Estonia;2016-10-01;1910
Finland;2016-10-01;9159
France;2016-10-01;155194
Germany;2016-10-01;262724
Greece;2016-10-01;4995
Hungary;2016-10-01;7951
Ireland;2016-10-01;2240
Italy;2016-10-01;147225
Latvia;2016-10-01;1288
Lithuania;2016-10-01;1740
Luxembourg;2016-10-01;4275
Netherlands;2016-10-01;29849
Poland;2016-10-01;32392
Portugal;2016-10-01;14933
Romania;2016-10-01;7951
Slovakia;2016-10-01;7511
Slovenia;2016-10-01;4846
Spain;2016-10-01;83248
Sweden;2016-10-01;31840
United Kingdom;2016-10-01;180168
Iceland;2016-10-01;897
Norway;2016-10-01;11932
Switzerland;2016-10-01;23205
Austria;2016-11-01;25491
Belgium;2016-11-01;39645
Bulgaria;2016-11-01;2404
Croatia;2016-11-01;2826
Czech Republic;2016-11-01;23161
Denmark;2016-11-01;18058
Estonia;2016-11-01;1880
Finland;2016-11-01;9004
France;2016-11-01;163161
Germany;2016-11-01;276567
Greece;2016-11-01;5897
Hungary;2016-11-01;9415
Ireland;2016-11-01;747
Italy;2016-11-01;145835
Latvia;2016-11-01;1275
Lithuania;2016-11-01;1536
Luxembourg;2016-11-01;3838
Netherlands;2016-11-01;32131
Poland;2016-11-01;37412
Portugal;2016-11-01;16483
Romania;2016-11-01;9645
Slovakia;2016-11-01;7830
Slovenia;2016-11-01;4784
Spain;2016-11-01;92653
Sweden;2016-11-01;31801
United Kingdom;2016-11-01;184101
Iceland;2016-11-01;954
Norway;2016-11-01;13194
Switzerland;2016-11-01;25918
Austria;2016-12-01;25662
Belgium;2016-12-01;33285
Bulgaria;2016-12-01;3086
Croatia;2016-12-01;3475
Czech Republic;2016-12-01;21913
Denmark;2016-12-01;19408
Estonia;2016-12-01;1381
Finland;2016-12-01;8145
France;2016-12-01;194372
Germany;2016-12-01;256533
Greece;2016-12-01;4765
Hungary;2016-12-01;9750
Ireland;2016-12-01;499
Italy;2016-12-01;124438
Latvia;2016-12-01;1141
Lithuania;2016-12-01;1414
Luxembourg;2016-12-01;3250
Netherlands;2016-12-01;35723
Poland;2016-12-01;43721
Portugal;2016-12-01;17003
Romania;2016-12-01;9331
Slovakia;2016-12-01;8010
Slovenia;2016-12-01;3552
Spain;2016-12-01;96886
Sweden;2016-12-01;37281
United Kingdom;2016-12-01;178022
Iceland;2016-12-01;706
Norway;2016-12-01;13602
Switzerland;2016-12-01;35325
Austria;2017-01-01;26352
Belgium;2017-01-01;51701
Bulgaria;2017-01-01;1923
Croatia;2017-01-01;2833
Czech Republic;2017-01-01;20818
Denmark;2017-01-01;19513
Estonia;2017-01-01;2042
Finland;2017-01-01;12746
France;2017-01-01;153046
Germany;2017-01-01;241399
Greece;2017-01-01;6460
Hungary;2017-01-01;6420
Ireland;2017-01-01;39005
Italy;2017-01-01;172033
Latvia;2017-01-01;1445
Lithuania;2017-01-01;1827
Luxembourg;2017-01-01;4108
Netherlands;2017-01-01;51121
Poland;2017-01-01;38232
Portugal;2017-01-01;15028
Romania;2017-01-01;7059
Slovakia;2017-01-01;5423
Slovenia;2017-01-01;5550
Spain;2017-01-01;84515
Sweden;2017-01-01;23282
United Kingdom;2017-01-01;174564
Iceland;2017-01-01;1231
Norway;2017-01-01;13055
Switzerland;2017-01-01;19483
Austria;2017-02-01;25311
Belgium;2017-02-01;51942
Bulgaria;2017-02-01;2189
Croatia;2017-02-01;2623
Czech Republic;2017-02-01;20455
Denmark;2017-02-01;17462
Estonia;2017-02-01;1653
Finland;2017-02-01;9167
France;2017-02-01;161874
Germany;2017-02-01;243602
Greece;2017-02-01;5192
Hungary;2017-02-01;8003
Ireland;2017-02-01;17090
Italy;2017-02-01;184347
Latvia;2017-02-01;1177
Lithuania;2017-02-01;1639
Luxembourg;2017-02-01;4042
Netherlands;2017-02-01;31986
Poland;2017-02-01;38508
Portugal;2017-02-01;18861
Romania;2017-02-01;8302
Slovakia;2017-02-01;8366
Slovenia;2017-02-01;4951
Spain;2017-02-01;97796
Sweden;2017-02-01;27735
United Kingdom;2017-02-01;83115
Iceland;2017-02-01;1341
Norway;2017-02-01;11788
Switzerland;2017-02-01;22686
Austria;2017-03-01;36830
Belgium;2017-03-01;61066
Bulgaria;2017-03-01;3066
Croatia;2017-03-01;5420
Czech Republic;2017-03-01;26786
Denmark;2017-03-01;22773
Estonia;2017-03-01;2348
Finland;2017-03-01;11202
France;2017-03-01;226134
Germany;2017-03-01;359683
Greece;2017-03-01;9445
Hungary;2017-03-01;9924
Ireland;2017-03-01;19893
Italy;2017-03-01;226780
Latvia;2017-03-01;1447
Lithuania;2017-03-01;2049
Luxembourg;2017-03-01;5191
Netherlands;2017-03-01;36590
Poland;2017-03-01;49606
Portugal;2017-03-01;25980
Romania;2017-03-01;6915
Slovakia;2017-03-01;9038
Slovenia;2017-03-01;6224
Spain;2017-03-01;125600
Sweden;2017-03-01;38387
United Kingdom;2017-03-01;562337
Iceland;2017-03-01;2078
Norway;2017-03-01;13398
Switzerland;2017-03-01;30492
Austria;2017-04-01;30201
Belgium;2017-04-01;51132
Bulgaria;2017-04-01;2717
Croatia;2017-04-01;6280
Czech Republic;2017-04-01;22749
Denmark;2017-04-01;17599
Estonia;2017-04-01;2344
Finland;2017-04-01;9394
France;2017-04-01;171871
Germany;2017-04-01;290697
Greece;2017-04-01;8452
Hungary;2017-04-01;8681
Ireland;2017-04-01;7843
Italy;2017-04-01;160968
Latvia;2017-04-01;1417
Lithuania;2017-04-01;2257
Luxembourg;2017-04-01;4864
Netherlands;2017-04-01;29183
Poland;2017-04-01;39582
Portugal;2017-04-01;18830
Romania;2017-04-01;6640
Slovakia;2017-04-01;7272
Slovenia;2017-04-01;5579
Spain;2017-04-01;101375
Sweden;2017-04-01;30476
United Kingdom;2017-04-01;152076
Iceland;2017-04-01;2054
Norway;2017-04-01;11339
Switzerland;2017-04-01;25668
Austria;2017-05-01;32426
Belgium;2017-05-01;51342
Bulgaria;2017-05-01;2699
Croatia;2017-05-01;8124
Czech Republic;2017-05-01;27009
Denmark;2017-05-01;22272
Estonia;2017-05-01;2592
Finland;2017-05-01;11058
France;2017-05-01;191416
Germany;2017-05-01;323952
Greece;2017-05-01;10666
Hungary;2017-05-01;10956
Ireland;2017-05-01;5993
Italy;2017-05-01;204803
Latvia;2017-05-01;1541
Lithuania;2017-05-01;2350
Luxembourg;2017-05-01;5535
Netherlands;2017-05-01;36310
Poland;2017-05-01;39801
Portugal;2017-05-01;23653
Romania;2017-05-01;8062
Slovakia;2017-05-01;9219
Slovenia;2017-05-01;5942
Spain;2017-05-01;126411
Sweden;2017-05-01;35326
United Kingdom;2017-05-01;186265
Iceland;2017-05-01;3849
Norway;2017-05-01;14175
Switzerland;2017-05-01;28099
Austria;2017-06-01;35441
Belgium;2017-06-01;55119
Bulgaria;2017-06-01;3430
Croatia;2017-06-01;6871
Czech Republic;2017-06-01;26634
Denmark;2017-06-01;23994
Estonia;2017-06-01;2728
Finland;2017-06-01;10862
France;2017-06-01;230926
Germany;2017-06-01;327693
Greece;2017-06-01;10141
Hungary;2017-06-01;10866
Ireland;2017-06-01;1401
Italy;2017-06-01;188361
Latvia;2017-06-01;1591
Lithuania;2017-06-01;2672
Luxembourg;2017-06-01;5206
Netherlands;2017-06-01;40785
Poland;2017-06-01;42012
Portugal;2017-06-01;24834
Romania;2017-06-01;8030
Slovakia;2017-06-01;9568
Slovenia;2017-06-01;6785
Spain;2017-06-01;131797
Sweden;2017-06-01;38324
United Kingdom;2017-06-01;243454
Iceland;2017-06-01;3148
Norway;2017-06-01;14228
Switzerland;2017-06-01;31883
Austria;2017-07-01;27731
Belgium;2017-07-01;36627
Bulgaria;2017-07-01;2651
Croatia;2017-07-01;4125
Czech Republic;2017-07-01;19649
Denmark;2017-07-01;15195
Estonia;2017-07-01;2068
Finland;2017-07-01;8846
France;2017-07-01;147518
Germany;2017-07-01;283080
Greece;2017-07-01;8421
Hungary;2017-07-01;9334
Ireland;2017-07-01;27710
Italy;2017-07-01;145938
Latvia;2017-07-01;1408
Lithuania;2017-07-01;1769
Luxembourg;2017-07-01;4529
Netherlands;2017-07-01;32433
Poland;2017-07-01;36902
Portugal;2017-07-01;17572
Romania;2017-07-01;11335
Slovakia;2017-07-01;8022
Slovenia;2017-07-01;4717
Spain;2017-07-01;109947
Sweden;2017-07-01;24722
United Kingdom;2017-07-01;161997
Iceland;2017-07-01;1832
Norway;2017-07-01;11476
Switzerland;2017-07-01;24545
Austria;2017-08-01;26058
Belgium;2017-08-01;35517
Bulgaria;2017-08-01;2572
Croatia;2017-08-01;2433
Czech Republic;2017-08-01;21192
Denmark;2017-08-01;15307
Estonia;2017-08-01;2079
Finland;2017-08-01;9673
France;2017-08-01;107449
Germany;2017-08-01;253679
Greece;2017-08-01;5134
Hungary;2017-08-01;8915
Ireland;2017-08-01;5733
Italy;2017-08-01;83634
Latvia;2017-08-01;1470
Lithuania;2017-08-01;2084
Luxembourg;2017-08-01;3429
Netherlands;2017-08-01;29093
Poland;2017-08-01;34584
Portugal;2017-08-01;11937
Romania;2017-08-01;12001
Slovakia;2017-08-01;7265
Slovenia;2017-08-01;4237
Spain;2017-08-01;72410
Sweden;2017-08-01;29915
United Kingdom;2017-08-01;76433
Iceland;2017-08-01;1523
Norway;2017-08-01;13415
Switzerland;2017-08-01;22947
Austria;2017-09-01;29528
Belgium;2017-09-01;40895
Bulgaria;2017-09-01;2767
Croatia;2017-09-01;2796
Czech Republic;2017-09-01;20219
Denmark;2017-09-01;14353
Estonia;2017-09-01;1976
Finland;2017-09-01;9103
France;2017-09-01;170645
Germany;2017-09-01;288035
Greece;2017-09-01;5947
Hungary;2017-09-01;9602
Ireland;2017-09-01;3898
Italy;2017-09-01;167460
Latvia;2017-09-01;1211
Lithuania;2017-09-01;2488
Luxembourg;2017-09-01;3968
Netherlands;2017-09-01;35430
Poland;2017-09-01;37212
Portugal;2017-09-01;14857
Romania;2017-09-01;10425
Slovakia;2017-09-01;7177
Slovenia;2017-09-01;4794
Spain;2017-09-01;83291
Sweden;2017-09-01;31672
United Kingdom;2017-09-01;426170
Iceland;2017-09-01;1228
Norway;2017-09-01;13484
Switzerland;2017-09-01;24496
Austria;2017-10-01;28244
Belgium;2017-10-01;43500
Bulgaria;2017-10-01;3216
Croatia;2017-10-01;3623
Czech Republic;2017-10-01;23192
Denmark;2017-10-01;18542
Estonia;2017-10-01;2148
Finland;2017-10-01;8745
France;2017-10-01;176492
Germany;2017-10-01;272855
Greece;2017-10-01;6306
Hungary;2017-10-01;10363
Ireland;2017-10-01;1946
Italy;2017-10-01;158373
Latvia;2017-10-01;1413
Lithuania;2017-10-01;2314
Luxembourg;2017-10-01;4670
Netherlands;2017-10-01;36491
Poland;2017-10-01;40572
Portugal;2017-10-01;15898
Romania;2017-10-01;10036
Slovakia;2017-10-01;8447
Slovenia;2017-10-01;5473
Spain;2017-10-01;94676
Sweden;2017-10-01;32112
United Kingdom;2017-10-01;158192
Iceland;2017-10-01;1109
Norway;2017-10-01;12472
Switzerland;2017-10-01;24477
Austria;2017-11-01;29547
Belgium;2017-11-01;39645
Bulgaria;2017-11-01;3352
Croatia;2017-11-01;3496
Czech Republic;2017-11-01;22925
Denmark;2017-11-01;18070
Estonia;2017-11-01;2106
Finland;2017-11-01;9665
France;2017-11-01;180005
Germany;2017-11-01;302636
Greece;2017-11-01;6523
Hungary;2017-11-01;12369
Ireland;2017-11-01;684
Italy;2017-11-01;156700
Latvia;2017-11-01;1278
Lithuania;2017-11-01;2422
Luxembourg;2017-11-01;4389
Netherlands;2017-11-01;37588
Poland;2017-11-01;41290
Portugal;2017-11-01;17626
Romania;2017-11-01;9311
Slovakia;2017-11-01;8279
Slovenia;2017-11-01;5046
Spain;2017-11-01;104170
Sweden;2017-11-01;32484
United Kingdom;2017-11-01;163541
Iceland;2017-11-01;1027
Norway;2017-11-01;13743
Switzerland;2017-11-01;26307
Austria;2017-12-01;25651
Belgium;2017-12-01;28072
Bulgaria;2017-12-01;3227
Croatia;2017-12-01;2146
Czech Republic;2017-12-01;19967
Denmark;2017-12-01;16511
Estonia;2017-12-01;1534
Finland;2017-12-01;8068
France;2017-12-01;193372
Germany;2017-12-01;253950
Greece;2017-12-01;5428
Hungary;2017-12-01;10832
Ireland;2017-12-01;160
Italy;2017-12-01;121100
Latvia;2017-12-01;1300
Lithuania;2017-12-01;1965
Luxembourg;2017-12-01;2844
Netherlands;2017-12-01;17528
Poland;2017-12-01;45889
Portugal;2017-12-01;17058
Romania;2017-12-01;6967
Slovakia;2017-12-01;7900
Slovenia;2017-12-01;3234
Spain;2017-12-01;102943
Sweden;2017-12-01;34958
United Kingdom;2017-12-01;152473
Iceland;2017-12-01;905
Norway;2017-12-01;16077
Switzerland;2017-12-01;31072
