<ComponentGenerator>
<ContentInfo><Language>RScript</Language></ContentInfo><ComponentInfo>
<Version name = "1.0.1" />
<Component version="1.0.1" name="Normal Distribution Test" type= "ALGORITHM" displayTypeOrder="2" subType="CUSTOM_SCRIPT_COMP" uid="a595972a-d8dc-48a7-8e6c-e5ee712bb80b" className="com.sap.pa.script.component.RScriptComponent"  inputCardinality="1..1" outputCardinality="0..n" vendor="R" ExecutionMode="outDB" ><Resources/>
<Locales size="1">
<Locale localeValue="en" />
</Locales>
<Tooltips size="1">
<Tooltip locale="en">Normal Distribution Test
Version 1.0

Test whether a numerical variable is normally distributed.

Prerequisites:

  - R libraries e1071, gplots, nortest and stats must be installed.

Author: Andreas Forster
http://scn.sap.com/people/andreas.forster</Tooltip>
</Tooltips>
<Properties size="5">
<Property name="PAES_COMPONENT_INSTANCE_PARENT" value="d97042bc-9032-4f64-9861-13513001069f" encrypted="false" />
<Property name="PAES_COMPONENT_INSTANCE" value="a595972a-d8dc-48a7-8e6c-e5ee712bb80b" encrypted="false" />
<Property name="COMP_PARAMS" value="[{&quot;paramName&quot;:&quot;myData&quot;,&quot;paramValue&quot;:null,&quot;uiType&quot;:&quot;TEXTBOX&quot;,&quot;customViewClassName&quot;:&quot;&quot;,&quot;uiDetail&quot;:{&quot;displayName&quot;:&quot;myData&quot;,&quot;dataType&quot;:&quot;STRING&quot;,&quot;allowedInput&quot;:{},&quot;description&quot;:&quot;&quot;,&quot;descriptor&quot;:&quot;&quot;,&quot;errorMsg&quot;:&quot;&quot;,&quot;isEditable&quot;:true,&quot;isEnabled&quot;:true,&quot;isMandatory&quot;:true,&quot;isHidden&quot;:true,&quot;lov&quot;:[],&quot;addSelectInLov&quot;:false,&quot;isMultiSelect&quot;:false,&quot;fileChooser&quot;:{&quot;fileExtension&quot;:&quot;*&quot;,&quot;fileExtensionString&quot;:&quot;&quot;,&quot;isSave&quot;:false}},&quot;customData&quot;:{}},{&quot;paramName&quot;:&quot;myVariableColumnStr&quot;,&quot;paramValue&quot;:null,&quot;uiType&quot;:&quot;COMBOBOX&quot;,&quot;customViewClassName&quot;:&quot;&quot;,&quot;uiDetail&quot;:{&quot;displayName&quot;:&quot;Variable to test for Normal Distribution&quot;,&quot;dataType&quot;:&quot;STRING&quot;,&quot;allowedInput&quot;:{},&quot;description&quot;:&quot;&quot;,&quot;descriptor&quot;:&quot;&quot;,&quot;errorMsg&quot;:&quot;&quot;,&quot;isEditable&quot;:false,&quot;isEnabled&quot;:true,&quot;isMandatory&quot;:true,&quot;isHidden&quot;:false,&quot;lov&quot;:[],&quot;addSelectInLov&quot;:false,&quot;isMultiSelect&quot;:false,&quot;fileChooser&quot;:{&quot;fileExtension&quot;:&quot;*&quot;,&quot;fileExtensionString&quot;:&quot;&quot;,&quot;isSave&quot;:false}},&quot;customData&quot;:{&quot;isMetadataRequired&quot;:true,&quot;filter&quot;:&quot;ALL&quot;}}]" encrypted="false" />
<Property name="COMP_PARAMS_MODEL" value="[]" encrypted="false" />
<Property name="IS_SAVE_MODEL_ALLOWED" value="false" encrypted="false" />
</Properties>
</Component>
</ComponentInfo>
<exprDict>
</exprDict>
<AlgoScriptParamMetadata function="myNormalDistribution" inputVariable="myData" outputVariable="out" modelVariable="" hasVisualization="true" hasPMML="false" hasSummary="false" isSaveModelAllowed="false">
<Params size="2">
<ScriptParam scriptParamName="myData" paramName="myData" type="STRING"/>
<ScriptParam scriptParamName="myVariableColumnStr" paramName="myVariableColumnStr" type="COLUMN_LIST"/>
</Params>
<MetaDataInfo>
<Attributes masterSet="ALL" size="0" >
</Attributes>
</MetaDataInfo>
</AlgoScriptParamMetadata>
<ModelScriptParamMetadata function="--Select--" inputVariable="--Select--" outputVariable="" modelVariable="--Select--" hasVisualization="false" hasPMML="false" hasSummary="false">
<Params size="0">
</Params>
<MetaDataInfo>
<Attributes masterSet="ALL" size="0" >
</Attributes>
</MetaDataInfo>
</ModelScriptParamMetadata>
</ComponentGenerator>