<ComponentGenerator>
<ContentInfo><Language>RScript</Language></ContentInfo><ComponentInfo>
<Version name = "1.0.1" />
<Component version="1.0.1" name="Interactive 3D Plot" type= "ALGORITHM" displayTypeOrder="2" subType="CUSTOM_SCRIPT_COMP" uid="f54f8468-f987-4fb9-9669-3f0649795939" className="com.sap.pa.script.component.RScriptComponent"  inputCardinality="1..1" outputCardinality="0..n" vendor="R" ExecutionMode="outDB" ><Resources/>
<Locales size="1">
<Locale localeValue="en" />
</Locales>
<Tooltips size="1">
<Tooltip locale="en">Interactive 3D Plot
Version 1.0
  
Displays three measures in an interactive 3D Plot. The user can change the viewpoint/angle with the mouse.

Prerequisites:
- R library rgl must be installed.

Author: Andreas Forster
http://scn.sap.com/people/andreas.forster</Tooltip>
</Tooltips>
<Properties size="5">
<Property name="PAES_COMPONENT_INSTANCE_PARENT" value="d97042bc-9032-4f64-9861-13513001069f" encrypted="false" />
<Property name="PAES_COMPONENT_INSTANCE" value="f54f8468-f987-4fb9-9669-3f0649795939" encrypted="false" />
<Property name="COMP_PARAMS" value="[{&quot;paramName&quot;:&quot;mydata&quot;,&quot;paramValue&quot;:null,&quot;uiType&quot;:&quot;TEXTBOX&quot;,&quot;customViewClassName&quot;:&quot;&quot;,&quot;uiDetail&quot;:{&quot;displayName&quot;:&quot;mydata&quot;,&quot;dataType&quot;:&quot;STRING&quot;,&quot;allowedInput&quot;:{},&quot;description&quot;:&quot;&quot;,&quot;descriptor&quot;:&quot;&quot;,&quot;errorMsg&quot;:&quot;&quot;,&quot;isEditable&quot;:true,&quot;isEnabled&quot;:true,&quot;isMandatory&quot;:true,&quot;isHidden&quot;:true,&quot;lov&quot;:[],&quot;addSelectInLov&quot;:false,&quot;isMultiSelect&quot;:false,&quot;fileChooser&quot;:{&quot;fileExtension&quot;:&quot;*&quot;,&quot;fileExtensionString&quot;:&quot;&quot;,&quot;isSave&quot;:false}},&quot;customData&quot;:{}},{&quot;paramName&quot;:&quot;strColNameX&quot;,&quot;paramValue&quot;:null,&quot;uiType&quot;:&quot;COMBOBOX&quot;,&quot;customViewClassName&quot;:&quot;&quot;,&quot;uiDetail&quot;:{&quot;displayName&quot;:&quot;X Axis&quot;,&quot;dataType&quot;:&quot;STRING&quot;,&quot;allowedInput&quot;:{},&quot;description&quot;:&quot;&quot;,&quot;descriptor&quot;:&quot;&quot;,&quot;errorMsg&quot;:&quot;&quot;,&quot;isEditable&quot;:false,&quot;isEnabled&quot;:true,&quot;isMandatory&quot;:true,&quot;isHidden&quot;:false,&quot;lov&quot;:[],&quot;addSelectInLov&quot;:false,&quot;isMultiSelect&quot;:false,&quot;fileChooser&quot;:{&quot;fileExtension&quot;:&quot;*&quot;,&quot;fileExtensionString&quot;:&quot;&quot;,&quot;isSave&quot;:false}},&quot;customData&quot;:{&quot;isMetadataRequired&quot;:true,&quot;filter&quot;:&quot;ALL&quot;}},{&quot;paramName&quot;:&quot;strColNameY&quot;,&quot;paramValue&quot;:null,&quot;uiType&quot;:&quot;COMBOBOX&quot;,&quot;customViewClassName&quot;:&quot;&quot;,&quot;uiDetail&quot;:{&quot;displayName&quot;:&quot;Y Axis&quot;,&quot;dataType&quot;:&quot;STRING&quot;,&quot;allowedInput&quot;:{},&quot;description&quot;:&quot;&quot;,&quot;descriptor&quot;:&quot;&quot;,&quot;errorMsg&quot;:&quot;&quot;,&quot;isEditable&quot;:false,&quot;isEnabled&quot;:true,&quot;isMandatory&quot;:true,&quot;isHidden&quot;:false,&quot;lov&quot;:[],&quot;addSelectInLov&quot;:false,&quot;isMultiSelect&quot;:false,&quot;fileChooser&quot;:{&quot;fileExtension&quot;:&quot;*&quot;,&quot;fileExtensionString&quot;:&quot;&quot;,&quot;isSave&quot;:false}},&quot;customData&quot;:{&quot;isMetadataRequired&quot;:true,&quot;filter&quot;:&quot;ALL&quot;}},{&quot;paramName&quot;:&quot;strColNameZ&quot;,&quot;paramValue&quot;:null,&quot;uiType&quot;:&quot;COMBOBOX&quot;,&quot;customViewClassName&quot;:&quot;&quot;,&quot;uiDetail&quot;:{&quot;displayName&quot;:&quot;Z Axis&quot;,&quot;dataType&quot;:&quot;STRING&quot;,&quot;allowedInput&quot;:{},&quot;description&quot;:&quot;&quot;,&quot;descriptor&quot;:&quot;&quot;,&quot;errorMsg&quot;:&quot;&quot;,&quot;isEditable&quot;:false,&quot;isEnabled&quot;:true,&quot;isMandatory&quot;:true,&quot;isHidden&quot;:false,&quot;lov&quot;:[],&quot;addSelectInLov&quot;:false,&quot;isMultiSelect&quot;:false,&quot;fileChooser&quot;:{&quot;fileExtension&quot;:&quot;*&quot;,&quot;fileExtensionString&quot;:&quot;&quot;,&quot;isSave&quot;:false}},&quot;customData&quot;:{&quot;isMetadataRequired&quot;:true,&quot;filter&quot;:&quot;ALL&quot;}},{&quot;paramName&quot;:&quot;strColNameColor&quot;,&quot;paramValue&quot;:null,&quot;uiType&quot;:&quot;COMBOBOX&quot;,&quot;customViewClassName&quot;:&quot;&quot;,&quot;uiDetail&quot;:{&quot;displayName&quot;:&quot;Color Column&quot;,&quot;dataType&quot;:&quot;STRING&quot;,&quot;allowedInput&quot;:{},&quot;description&quot;:&quot;&quot;,&quot;descriptor&quot;:&quot;&quot;,&quot;errorMsg&quot;:&quot;&quot;,&quot;isEditable&quot;:false,&quot;isEnabled&quot;:true,&quot;isMandatory&quot;:true,&quot;isHidden&quot;:false,&quot;lov&quot;:[],&quot;addSelectInLov&quot;:false,&quot;isMultiSelect&quot;:false,&quot;fileChooser&quot;:{&quot;fileExtension&quot;:&quot;*&quot;,&quot;fileExtensionString&quot;:&quot;&quot;,&quot;isSave&quot;:false}},&quot;customData&quot;:{&quot;isMetadataRequired&quot;:true,&quot;filter&quot;:&quot;ALL&quot;}},{&quot;paramName&quot;:&quot;strColLabel&quot;,&quot;paramValue&quot;:null,&quot;uiType&quot;:&quot;COMBOBOX&quot;,&quot;customViewClassName&quot;:&quot;&quot;,&quot;uiDetail&quot;:{&quot;displayName&quot;:&quot;Label Column&quot;,&quot;dataType&quot;:&quot;STRING&quot;,&quot;allowedInput&quot;:{},&quot;description&quot;:&quot;&quot;,&quot;descriptor&quot;:&quot;&quot;,&quot;errorMsg&quot;:&quot;&quot;,&quot;isEditable&quot;:false,&quot;isEnabled&quot;:true,&quot;isMandatory&quot;:true,&quot;isHidden&quot;:false,&quot;lov&quot;:[],&quot;addSelectInLov&quot;:false,&quot;isMultiSelect&quot;:false,&quot;fileChooser&quot;:{&quot;fileExtension&quot;:&quot;*&quot;,&quot;fileExtensionString&quot;:&quot;&quot;,&quot;isSave&quot;:false}},&quot;customData&quot;:{&quot;isMetadataRequired&quot;:true,&quot;filter&quot;:&quot;ALL&quot;}}]" encrypted="false" />
<Property name="COMP_PARAMS_MODEL" value="[]" encrypted="false" />
<Property name="IS_SAVE_MODEL_ALLOWED" value="false" encrypted="false" />
</Properties>
</Component>
</ComponentInfo>
<exprDict>
</exprDict>
<AlgoScriptParamMetadata function="my3dplot" inputVariable="mydata" outputVariable="out" modelVariable="" hasVisualization="false" hasPMML="false" hasSummary="false" isSaveModelAllowed="false">
<Params size="6">
<ScriptParam scriptParamName="mydata" paramName="mydata" type="STRING"/>
<ScriptParam scriptParamName="strColNameX" paramName="strColNameX" type="COLUMN_LIST"/>
<ScriptParam scriptParamName="strColNameY" paramName="strColNameY" type="COLUMN_LIST"/>
<ScriptParam scriptParamName="strColNameZ" paramName="strColNameZ" type="COLUMN_LIST"/>
<ScriptParam scriptParamName="strColNameColor" paramName="strColNameColor" type="COLUMN_LIST"/>
<ScriptParam scriptParamName="strColLabel" paramName="strColLabel" type="COLUMN_LIST"/>
</Params>
<MetaDataInfo>
<Attributes masterSet="ALL" size="0" >
</Attributes>
</MetaDataInfo>
</AlgoScriptParamMetadata>
<ModelScriptParamMetadata function="--Select--" inputVariable="--Select--" outputVariable="" modelVariable="--Select--" hasVisualization="false" hasPMML="false" hasSummary="false">
<Params size="0">
</Params>
<MetaDataInfo>
<Attributes masterSet="ALL" size="0" >
</Attributes>
</MetaDataInfo>
</ModelScriptParamMetadata>
</ComponentGenerator>